osm_id,name,access,addr:city,addr:country,addr:housename,addr:housenumber,addr:parentstreet,addr:postcode,addr:street,addr:unit,air_conditioning,amenity,artwork_type,branch,brand,brand:website,brand:wikidata,brand:wikipedia,changing_table,changing_table:count,changing_table:fee,changing_table:location,check_date,contact:email,contact:facebook,contact:instagram,contact:phone,contact:twitter,contact:website,cuisine,description,diet:kosher,diet:vegan,diet:vegetarian,door,email,entrance,female,fhrs:id,fixme,fryup,indoor_seating,internet_access,internet_access:fee,level,male,name:en,note,official_name,old_name,opening_hours,opening_hours:covid19,opening_hours:signed,operator,outdoor_seating,payment:cash,payment:credit_cards,payment:debit_cards,phone,shop,smoking,source,source:addr,source:addr:postcode,survey:date,takeaway,toilets,toilets:access,toilets:disposal,toilets:wheelchair,tourism,twitter,website,wheelchair,geometry
79727202,,,,,,,,,,,,,,,,,,,,,,,,,,,,,,,,,,,,,,,,,,,,,,,,,,,,,,,,,,,,,,,,,,,,,,,,,,,-0.1445123|51.6441927
79727203,,,,,,,,,,,,,,,,,,,,,,,,,,,,,,,,,,,,,,,,,,,,,,,,,,,,,,,,,,,,,,,,,,,,,,,,,,,-0.1443334|51.6442348
79727205,,,,,,,,,,,,,,,,,,,,,,,,,,,,,,,,,,,,,,,,,,,,,,,,,,,,,,,,,,,,,,,,,,,,,,,,,,,-0.144264|51.6441214
79727206,,,,,,,,,,,,,,,,,,,,,,,,,,,,,,,,,,,,,,,,,,,,,,,,,,,,,,,,,,,,,,,,,,,,,,,,,,,-0.144443|51.6440793
248231088,Kalendar,,,,,,,,,,,cafe,,,,,,,,,,,,,,,,,,,,,,,,,,,,,,,,,,,,,,,,,,,,,,,,,,,,,,,,,,,,,,,-0.1496786|51.5620412
293653254,The Grove Café,,London,GB,,,,N22 7BA,Alexandra Palace Way,,,cafe,,,,,,,,,,,,,,,,,,italian;cafe,,,,,,,,,423118,,,,,,,,,,,,Th-Su 09:00-16:00,closed,,,yes,,,,,,,,,,,,,,,,,,https://www.alexandrapalace.com/food-drink/grove-cafe,yes,-0.1374227|51.5920863
330591003,Pavillion Cafe,,,,,,,,,,,cafe,,,,,,,,,,,2023-08-06,,,,,,,,,,,,,,,,1089182,,,,,,,,,,,,Mo-Su 08:00-17:00,,,,yes,,yes,yes,,,,,,,,yes,,,,,,,,,-0.1498519|51.5823256
331925869,The Steward's Room,,,,,,,,,,,cafe,,,,,,,,,,,,,,,,,,,,,,,,kenwood@searcys.co.uk,,,,does ity have a name? KR 17774127,,,,,,,The Steward's Room,,,,Dec-Jan: Sa-Su 08:00-15:00; Feb-Mar: Sa-Su 08:00-16:00; Apr-Sep: Sa-Su 08:00-17:00; Oct-Nov: Sa-Su 08:00-16:00; Dec-Jan: Mo-Fr 08:00-12:00; Feb-Mar: Mo-Fr 08:00-15:00; Apr-Sep: Mo-Fr 08:00-16:00; Oct-Nov: Mo-Fr 08:00-15:00,,,Searcy's,,,,,+44 20 8348 4073,,,,,,,,,,,,,,http://searcyskenwoodhouse.co.uk,,-0.16715|51.571476
366238747,,,,,,,,,,,,cafe,,,,,,,,,,,,,,,,,,,,,,,,,,,,,,,,,,,,,,,,,,,,,,,,,,,,,,,,,,,,,,yes,-0.1617116|51.6193912
389899598,flavours,,,,,,,,,,,cafe,,,,,,,,,,,,,,,,,,,,,,,,,,,,,,,,,,,,,,,,,,,,,,,,,,,,,,,,,,,,,,,-0.1319987|51.5580251
410936534,Pedros Cafe & Restaurant,,,,,,,,,,,cafe,,,,,,,,,,,,,,,,,,,,,,,,,,,,,,,,,,,,,,,,,,,,,,,,,,,,,,,,,,,,,,,-0.2159586|51.5570402
410936573,Cappuccino & Gateau,,,,,173,,,,,,cafe,,,,,,,,,,,,,,,,,,,,,,,,,,,,,,,,,,,,,,,,,,,,,,,,,,,,,,,,,,,,,,,-0.2154952|51.5566554
410952451,Broadway Cafe Restaurant,,,,,,,,,,,cafe,,,,,,,,,,,,,,,,,,,,,,,,,,,,,,,,,,,,,,,,,,,,,,,,,,,,,,,,,,,,,,,-0.2136999|51.555567
410952481,Café Margoum,,,,,116,,,,,,cafe,,,,,,,,,,,,,,,,,,,,,,,,,,,,,,,,,,,,,,,,,,,,,,,,,,,,,,,,,,,,,,,-0.2133416|51.5553007
423603605,,,,,,,,,,,,,,,,,,,,,,,,,,,,,,,,,,,,,,,,,,,,,,,,,,,,,,,,,,,,,,,,,,,,,,,,,,,-0.1497775|51.6509639
457131524,Shoki Shakes,,,,,,,,,,,cafe,,,,,,,,,,,,,,,,,,,,,,,,,,,,,,,,,,,,,,,,,,,,,,,,,,,,,,,,,,,,,,,-0.2229654|51.5898027
457138699,Tonys Cafe,,,,,,,,,,,cafe,,,,,,,,,,,,,,,,,,,,,,,,,,,,,,,,,,,,,,,,,,,,,,,,,,,,,,,,,,,,,,,-0.2230978|51.5900442
457138983,MunCHizz,,,,,,,,,,,cafe,,,,,,,,,,,,,,,,,,,,,,,,,,,,,,,,,,,,,,,,,,,,,,,,,,,,,,,,,,,,,,limited,-0.2232265|51.5900509
537956108,Busy Bee Cafe,,,,,,,,,,,cafe,,,,,,,,,,,,,,,,,,,,,,,,,,,,,,,,,,,,,,,,,,,,,,,,,,,,,,,,,,,,,,,-0.1785967|51.6505443
622031629,,,,,,,,,,,,,,,,,,,,,,,,,,,,,,,,,,,,,,,,,,,,,,,,,,,,,,,,,,,,,,,,,,,,,,,,,,,-0.143269|51.5901046
666479569,New Pelican Cafe,,,,,,,,,,,cafe,,,,,,,,,,,,,,,,,,,,,,,,,,,,,,,,,,,,,,,,,,,,,,,,,,,,,,,,,,,,,,,-0.1344589|51.6469539
745745245,Popular Two,,London,,,859,,N12 8PT,High Road,,,cafe,,,,,,,,,,,,,,,,,,british,,,,,,,,,1372453,,yes,,,,,,,,,,,,,,yes,,,,,,,,,,,,,,,,,,,,-0.1769819|51.6179615
765799738,,,,,,,,,,,,,,,,,,,,,,,,,,,,,,,,,,,,,yes,,,,,,,,,,,,,,,,,,,,,,,,,,,,,,,,,,,,,,-0.2317976|51.5982521
769140122,,,,,,,,,,,,cafe,,,,,,,,,,,,,,,,,,,,,,,,,,,,,,,,,,,,,,,,,,,,,,,,,,,,,,,,,,,,,,,-0.223581|51.575544
769140151,,,,,,,,,,,,cafe,,,,,,,,,,,,,,,,,,,,,,,,,,,,,,,,,,,,,,,,,,,,,,,,,,,,,,,,,,,,,,,-0.1936139|51.5711569
769140156,,,,,,,,,,,,cafe,,,,,,,,,,,,,,,,,,,,,,,,,,,,,,,,,,,,,,,,,,,,,,,,,,,,,,,,,,,,,,,-0.2077613|51.5603714
815702422,,,,,,,,,,,,,,,,,,,,,,,,,,,,,,,,,,,,,,,,,,,,,,,,,,,,,,,,,,,,,,,,,,,,,,,,,,,-0.1665858|51.5554598
815702498,,,,,,,,,,,,,,,,,,,,,,,,,,,,,,,,,,,,,,,,,,,,,,,,,,,,,,,,,,,,,,,,,,,,,,,,,,,-0.1668445|51.555395
815702539,,,,,,,,,,,,,,,,,,,,,,,,,,,,,,,,,,,,,,,,,,,,,,,,,,,,,,,,,,,,,,,,,,,,,,,,,,,-0.1669475|51.5555169
815702589,,,,,,,,,,,,,,,,,,,,,,,,,,,,,,,,,,,,,,,,,,,,,,,,,,,,,,,,,,,,,,,,,,,,,,,,,,,-0.16689|51.5554457
815702620,,,,,,,,,,,,,,,,,,,,,,,,,,,,,,,,,,,,,,,,,,,,,,,,,,,,,,,,,,,,,,,,,,,,,,,,,,,-0.1666167|51.5555077
815702626,,,,,,,,,,,,,,,,,,,,,,,,,,,,,,,,,,,,,,,,,,,,,,,,,,,,,,,,,,,,,,,,,,,,,,,,,,,-0.1666685|51.5555712
842436006,Cafe Metro,,,,,,,,,,,cafe,,,,,,,,,,,,,,,,,,,,,,,,,,,,,,,,,,,,,,,,,,,,,,,,,,,,,,,,,,,,,,,-0.1348405|51.5653941
842436130,,,,,,,,,,,,,,,,,,,,,,,,,,,,,,,,,,,,,,,,,,,,,,,,,,,,,,,,,,,,,,,,,,,,,,,,,,,-0.1353137|51.564415
842436146,,,,,,,,,,,,,,,,,,,,,,,,,,,,,,,,,,,,,,,,,,,,,,,,,,,,,,,,,,,,,,,,,,,,,,,,,,,-0.1353515|51.5643584
842436257,,,,,,,,,,,,,,,,,,,,,,,,,,,,,,,,,,,,,,,,,,,,,,,,,,,,,,,,,,,,,,,,,,,,,,,,,,,-0.1354835|51.5644988
842436273,,,,,,,,,,,,,,,,,,,,,,,,,,,,,,,,,,,,,,,,,,,,,,,,,,,,,,,,,,,,,,,,,,,,,,,,,,,-0.1355151|51.5644345
842610951,,,,,,,,,,,,,,,,,,,,,,,,,,,,,,,,,,,,,,,,,,,,,,,,,,,,,,,,,,,,,,,,,,,,,,,,,,,-0.134645|51.5644739
842610962,,,,,,,,,,,,,,,,,,,,,,,,,,,,,,,,,,,,,,,,,,,,,,,,,,,,,,,,,,,,,,,,,,,,,,,,,,,-0.1351689|51.5636602
842611043,,,,,,,,,,,,,,,,,,,,,,,,,,,,,,,,,,,,,,,,,,,,,,,,,,,,,,,,,,,,,,,,,,,,,,,,,,,-0.1357028|51.562695
842611124,,,,,,,,,,,,,,,,,,,,,,,,,,,,,,,,,,,,,,,,,,,,,,,,,,,,,,,,,,,,,,,,,,,,,,,,,,,-0.136884|51.5605993
842611201,,,,,,,,,,,,,,,,,,,,,,,,,,,,,,,,,,,,,,,,,,,,,,,,,,,,,,,,,,,,,,,,,,,,,,,,,,,-0.1349275|51.5644149
842611221,,,,,,,,,,,,,,,,,,,,,,,,,,,,,,,,,,,,,,,,,,,,,,,,,,,,,,,,,,,,,,,,,,,,,,,,,,,-0.1358868|51.5627331
842611261,,,,,,,,,,,,,,,,,,,,,,,,,,,,,,,,,,,,,,,,,,,,,,,,,,,,,,,,,,,,,,,,,,,,,,,,,,,-0.1348512|51.5643217
842611284,,,,,,,,,,,,,,,,,,,,,,,,,,,,,,,,,,,,,,,,,,,,,,,,,,,,,,,,,,,,,,,,,,,,,,,,,,,-0.1353561|51.5636458
842611288,,,,,,,,,,,,,,,,,,,,,,,,,,,,,,,,,,,,,,,,,,,,,,,,,,,,,,,,,,,,,,,,,,,,,,,,,,,-0.1348134|51.5641704
842611320,,,,,,,,,,,,,,,,,,,,,,,,,,,,,,,,,,,,,,,,,,,,,,,,,,,,,,,,,,,,,,,,,,,,,,,,,,,-0.1370362|51.5606295
842611357,,,,,,,,,,,,,,,,,,,,,,,,,,,,,,,,,,,,,,,,,,,,,,,,,,,,,,,,,,,,,,,,,,,,,,,,,,,-0.1359988|51.5625241
842611442,,,,,,,,,,,,,,,,,,,,,,,,,,,,,,,,,,,,,,,,,,,,,,,,,,,,,,,,,,,,,,,,,,,,,,,,,,,-0.1358149|51.562486
842611526,,,,,,,,,,,,,,,,,,,,,,,,,,,,,,,,,,,,,,,,,,,,,,,,,,,,,,,,,,,,,,,,,,,,,,,,,,,-0.1359148|51.5626809
842611668,,,,,,,,,,,,,,,,,,,,,,,,,,,,,,,,,,,,,,,,,,,,,,,,,,,,,,,,,,,,,,,,,,,,,,,,,,,-0.1360269|51.5624719
842611704,,,,,,,,,,,,,,,,,,,,,,,,,,,,,,,,,,,,,,,,,,,,,,,,,,,,,,,,,,,,,,,,,,,,,,,,,,,-0.1350619|51.564174
842611731,,,,,,,,,,,,,,,,,,,,,,,,,,,,,,,,,,,,,,,,,,,,,,,,,,,,,,,,,,,,,,,,,,,,,,,,,,,-0.1348313|51.5643628
842611739,,,,,,,,,,,,,,,,,,,,,,,,,,,,,,,,,,,,,,,,,,,,,,,,,,,,,,,,,,,,,,,,,,,,,,,,,,,-0.1345975|51.5645212
842611748,,,,,,,,,,,,,,,,,,,,,,,,,,,,,,,,,,,,,,,,,,,,,,,,,,,,,,,,,,,,,,,,,,,,,,,,,,,-0.1353321|51.5636928
842611773,,,,,,,,,,,,,,,,,,,,,,,,,,,,,,,,,,,,,,,,,,,,,,,,,,,,,,,,,,,,,,,,,,,,,,,,,,,-0.1357308|51.5626427
842611827,,,,,,,,,,,,,,,,,,,,,,,,,,,,,,,,,,,,,,,,,,,,,,,,,,,,,,,,,,,,,,,,,,,,,,,,,,,-0.1351034|51.563595
842611885,,,,,,,,,,,,,,,,,,,,,,,,,,,,,,,,,,,,,,,,,,,,,,,,,,,,,,,,,,,,,,,,,,,,,,,,,,,-0.1358429|51.5624337
842611917,,,,,,,,,,,,,,,,,,,,,,,,,,,,,,,,,,,,,,,,,,,,,,,,,,,,,,,,,,,,,,,,,,,,,,,,,,,-0.1370137|51.5606734
842612089,,,,,,,,,,,,,,,,,,,,,,,,,,,,,,,,,,,,,,,,,,,,,,,,,,,,,,,,,,,,,,,,,,,,,,,,,,,-0.134965|51.5643465
842612108,,,,,,,,,,,,,,,,,,,,,,,,,,,,,,,,,,,,,,,,,,,,,,,,,,,,,,,,,,,,,,,,,,,,,,,,,,,-0.1350378|51.5642171
842612131,,,,,,,,,,,,,,,,,,,,,,,,,,,,,,,,,,,,,,,,,,,,,,,,,,,,,,,,,,,,,,,,,,,,,,,,,,,-0.1368615|51.5606433
842612182,,,,,,,,,,,,,,,,,,,,,,,,,,,,,,,,,,,,,,,,,,,,,,,,,,,,,,,,,,,,,,,,,,,,,,,,,,,-0.1348324|51.5641292
849461852,Busby's Cafe,,,,,,,,,,,cafe,,,,,,,,,,,,,,,,,,,,,,,,,,,,,,yes,,,,,,,,,,,,,no,,,,,,,,,,,,,,,,,,,,-0.2551756|51.6209358
871153864,Trent Park Cafeteria,,,,,,,,,,,cafe,,,,,,,,,,,,,,,,,,,,,,,,,,,,,,,,,,,,,,,,,,,,,,,,,,Park web site,,,,,,,,,,,,,-0.1498175|51.6570397
878996991,Wildlife Rescue & Ambulance Service,,,,,,,,,,,cafe,,,,,,,,,,,,,,,,,,,,,,,,,,,,,,,,,,,,,,,,,,,,,,,,,,,,,,,,,,,,,,,-0.1397835|51.6577357
884250272,,,,,,,,,,,,,,,,,,,,,,,,,,,,,,,,,,,,,,,,,,,,,,,,,,,,,,,,,,,,,,,,,,,,,,,,,,,-0.1760506|51.6329055
902643926,,,,,,,,,,,,,,,,,,,,,,,,,,,,,,,,,,,,,,,,,,,,,,,,,,,,,,,,,,,,,,,,,,,,,,,,,,,-0.1342394|51.5652672
902643934,,,,,,,,,,,,,,,,,,,,,,,,,,,,,,,,,,,,,,,,,,,,,,,,,,,,,,,,,,,,,,,,,,,,,,,,,,,-0.1343387|51.5653787
902643946,,,,,,,,,,,,,,,,,,,,,,,,,,,,,,,,,,,,,,,,,,,,,,,,,,,,,,,,,,,,,,,,,,,,,,,,,,,-0.1343141|51.5652664
902643949,,,,,,,,,,,,,,,,,,,,,,,,,,,,,,,,,,,,,,,,,,,,,,,,,,,,,,,,,,,,,,,,,,,,,,,,,,,-0.1344091|51.5653346
902643963,,,,,,,,,,,,,,,,,,,,,,,,,,,,,,,,,,,,,,,,,,,,,,,,,,,,,,,,,,,,,,,,,,,,,,,,,,,-0.1342523|51.5653552
902643973,,,,,,,,,,,,,,,,,,,,,,,,,,,,,,,,,,,,,,,,,,,,,,,,,,,,,,,,,,,,,,,,,,,,,,,,,,,-0.134862|51.5645432
902643978,,,,,,,,,,,,,,,,,,,,,,,,,,,,,,,,,,,,,,,,,,,,,,,,,,,,,,,,,,,,,,,,,,,,,,,,,,,-0.1343614|51.5653767
902643985,,,,,,,,,,,,,,,,,,,,,,,,,,,,,,,,,,,,,,,,,,,,,,,,,,,,,,,,,,,,,,,,,,,,,,,,,,,-0.134852|51.5645739
902643995,,,,,,,,,,,,,,,,,,,,,,,,,,,,,,,,,,,,,,,,,,,,,,,,,,,,,,,,,,,,,,,,,,,,,,,,,,,-0.1343838|51.5653698
931618607,Intrepid Bakery,,London,,,163,,,Fortess Road,,,cafe,,,Intrepid Bakery,,,,,,,,2023-08-12,,,,,,,coffee_shop;bakery,,,,,,,,,1628394,,,,wlan,customers,,,,,,,,,,,no,,,,,,,,,,,yes,,,,,,,,,-0.1386919|51.5567405
931621805,Engocha,,London,,,143,,NW5 2HR,Fortess Road,,,cafe,,,,,,,,,,,,,,,,,,ethiopian,,,yes,,,,,,1492524,,,,,,,,,"Ethiopian grocery store, cafe",,,,,,,,,,,,,,,,,,,,,,,,,,,-0.1390744|51.5561945
931622008,Rustique,,London,,,142,,NW5 2HP,Fortess Road,,,cafe,,,,,,,,,,,,,,,,,,,,,,,,,,,424855,,,,,,,,,,,,,,,,,,,,,,,,,,,,,,,,,,,,-0.1386199|51.55632
931636361,Cinnamon Village,,London,,,114,,,Fortess Road,,,cafe,,,,,,,,,,,,,,,,,,,,,,,,,,,,,,,,,,,,,,,,,,,,,,,,,,,,,,,,,,,,,,,-0.1392203|51.5554062
933245325,Hole in the Wall Cafe,,,,,,,,,,,cafe,,,,,,,,,,,,,,,,,,,,,,,,,,,,,,,,,,,,,,,,,,,,,,,+44 20 8449 0387,,,,,,,,,,,,,,,,-0.1832079|51.6431574
935487690,Costa,,London,,,,,NW4 3AS,Central Circus,12,,cafe,,,Costa,,Q608845,,,,,,,,,,,,,coffee_shop,,,,,,,,,1060561,,,,,,,,,,,,"Mo-Fr 06:00-19:00; Sa,Su 07:00-19:00",,,,,,,,,,,,,,,yes,,,,,,,,,-0.2268526|51.5831633
984924854,Cafe Forum,,,,,,,,,,,cafe,,,,,,,,,,,,,,,,,,,,,,,,,,,,,,,,,,,,,,,,,,,,,,,,,,,,,,,,,,,,,,,-0.1334411|51.5650252
1055546419,Cafe Savvies,,,,,740,,,Holloway Road,,,cafe,,,,,,,,,,,,,,,,,,,,,,,,,,,,,,,,,,,,,,,,,,,,,,,,,,,,,,,,,,,,,,,-0.1303359|51.564306
1149802745,Internet Cafe,,,,,647,,,Holloway Road,,,cafe,,,,,,,,,,,,,,,,,,,,,,,,,,,,,,,terminal,,,,,,,,,,,,,,,,,,,,,,,,,,,,,,,,-0.1323648|51.5645774
1150054899,,,,,,,,,,,,,,,,,,,,,,,,,,,,,,,,,,,,,,,,,,,,,,,,,,,,,,,,,,,,,,,,,,,,,,,,,,,-0.1390723|51.5679372
1222347146,Bistro Laz,,,,,,,,,,,cafe,,,,,,,,,,,,,,,,,,,,,,,,,,,,,,,,,,,,,,,,,,,,,,,,,,,,,,,,,,,,,,,-0.1508417|51.561293
1304102795,,,,,,,,,,,,cafe,,,,,,,,,,,,,,,,,,,,,,,,,,,,,,,,,,,,,,,,,,,,,,,,,,,,,,,,,,,,,,,-0.1994638|51.5673962
1312974191,Lauderdale House Cafe,,,,,,,,,,,cafe,,,,,,,,,,,,,,,,,,,,,,,,,,,,,,,,,,,,,,,,,,,,,,,,,,,,,,,,,,,,,,,-0.1435752|51.5692508
1314376432,,,,,,,,,,,,,,,,,,,,,,,,,,,,,,,,,,,,,,,,,,,,,,,,,,,,,,,,,,,,,,,,,,,,,,,,,,,-0.1515797|51.5566297
1314376454,,,,,,,,,,,,,,,,,,,,,,,,,,,,,,,,,,,,,,,,,,,,,,,,,,,,,,,,,,,,,,,,,,,,,,,,,,,-0.1514531|51.5566769
1314376463,,,,,,,,,,,,,,,,,,,,,,,,,,,,,,,,,,,,,,,,,,,,,,,,,,,,,,,,,,,,,,,,,,,,,,,,,,,-0.151633|51.5566339
1314376465,,,,,,,,,,,,,,,,,,,,,,,,,,,,,,,,,,,,,,,,,,,,,,,,,,,,,,,,,,,,,,,,,,,,,,,,,,,-0.1514091|51.5567142
1314376485,,,,,,,,,,,,,,,,,,,,,,,,,,,,,,,,,,,,,,,,,,,,,,,,,,,,,,,,,,,,,,,,,,,,,,,,,,,-0.1516151|51.5566281
1314376486,,,,,,,,,,,,,,,,,,,,,,,,,,,,,,,,,,,,,,,,,,,,,,,,,,,,,,,,,,,,,,,,,,,,,,,,,,,-0.1514134|51.5567271
1324709955,DelisquareD,,London,,,14,,NW9 5EN,Heritage Avenue,,,cafe,,,,,,,,,,,,,,,,,,sandwich,,,,,,,,,758191,,,,,,,,,,,,,,,,,,,,,,,,,,,,,,,,,,https://www.coffee-affair.co.uk/,,-0.2428868|51.5961766
1326744992,,,,,,,,,,,,,,,,,,,,,,,,,,,,,,,,,,,,,,,,,,,,,,,,,,,,,,,,,,,,,,,,,,,,,,,,,,,-0.1463602|51.5563134
1326745034,,,,,,,,,,,,,,,,,,,,,,,,,,,,,,,,,,,,,,,,,,,,,,,,,,,,,,,,,,,,,,,,,,,,,,,,,,,-0.1465853|51.556236
1326745053,,,,,,,,,,,,,,,,,,,,,,,,,,,,,,,,,,,,,,,,,,,,,,,,,,,,,,,,,,,,,,,,,,,,,,,,,,,-0.1463278|51.556279
1326745054,,,,,,,,,,,,,,,,,,,,,,,,,,,,,,,,,,,,,,,,,,,,,,,,,,,,,,,,,,,,,,,,,,,,,,,,,,,-0.1464399|51.5562387
1326745068,,,,,,,,,,,,,,,,,,,,,,,,,,,,,,,,,,,,,,,,,,,,,,,,,,,,,,,,,,,,,,,,,,,,,,,,,,,-0.1465347|51.5562054
1405901904,,,,,,,,,,,,,,,,,,,,,,,,,,,,,,,,,,,,,,,,,,,,,,,,,,,,,,,,,,,,,,,,,,,,,,,,,,,-0.1349223|51.564193
1405901922,,,,,,,,,,,,,,,,,,,,,,,,,,,,,,,,,,,,,,,,,,,,,,,,,,,,,,,,,,,,,,,,,,,,,,,,,,,-0.1348163|51.5641253
1405901923,,,,,,,,,,,,,,,,,,,,,,,,,,,,,,,,,,,,,,,,,,,,,,,,,,,,,,,,,,,,,,,,,,,,,,,,,,,-0.1350951|51.5635934
1405901957,,,,,,,,,,,,,,,,,,,,,,,,,,,,,,,,,,,,,,,,,,,,,,,,,,,,,,,,,,,,,,,,,,,,,,,,,,,-0.1347944|51.5641674
1422516977,SoHo,,,,,,,,,,,cafe,,,,,,,,,,,,,,,,,,,,,,,,,,,,,,,,,,,,,,,,,,,,,,,,,,,,,,,,,,,,,,yes,-0.2288654|51.5884732
1567232814,Jels Cafe,,,,,,,,,,,cafe,,,,,,,,,,,2023-06-08,,,,,,,,,,,,,,,,,,,,,,,,,,,,,,,,,,,,,,,survey,,,,,,,,,,,,,-0.1976312|51.5628388
1598083651,Cafe Opera,,,,,,,,,,,cafe,,,,,,,,,,,,,,,,,,,,,,,,,,,,,,,,,,,,,,,,,,,,,,,,,,,,,,,,,,,,,,,-0.2093665|51.6528281
1598304269,Bells Hill Cafe,,,,,,,,,,,cafe,,,,,,,,,,,,,,,,,,,,,,,,,,,,,,,,,,,,,,,,,,,,,,,,,,,,,,,,,,,,,,,-0.2150566|51.6469408
1634354338,George's Cafe,,,,,,,,,,,cafe,,,,,,,,,,,,,,,,,,,,,,,,,,,,,,,,,,,,,,,,,,,,,,,,,,,,,,,,,,,,,,,-0.1993985|51.6530405
1634375633,Barnet Cafe,,,,,80,,EN5 5SN,High Street,,,cafe,,,,,,,,,,,,,,,,,,english_breakfast;burger;chips,,,,,,,,,1523344,,,,,,,,,,,,Mo-Sa 07:00-19:00; Su 08:00-18:00,,,,,,,,,,,,,,,,,,,,,,,,-0.2006752|51.6533641
1634392697,Costa Coffee,,Barnet,,,90,,EN5 5SN,High Street,,,cafe,,,Costa,,Q608845,en:Costa Coffee,,,,,,,,,,,,,,,,,,,,,1350037,,,,wlan,no,,,,,,,Mo-Fr 06:30-18:00; Sa 07:30-18:00; Su 09:00-16:30,,,,,,,,,,,,,,,,,,,,,,,,-0.2011138|51.6535183
1634404174,Gail's,,,GB,,134,,EN5 5XW,High Street,,,cafe,,,Gail's Bakery,https://gailsbread.co.uk,Q110662562,,,,,,,,,,,,,,,,,,,,,,1559850,,,,,,,,,,,,,,,,yes,no,,,,,,,,,,,,,,,,,,,-0.2015755|51.6551723
1643722311,,,,,,,,,,,,,,,,,,,,,,,,,,,,,,,,,,,,,,,,,,,,,,,,,,,,,,,,,,,,,,,,,,,,,,,,,,,-0.2023597|51.6520552
1643722324,,,,,,,,,,,,,,,,,,,,,,,,,,,,,,,,,,,,,,,,,,,,,,,,,,,,,,,,,,,,,,,,,,,,,,,,,,,-0.2025109|51.6519804
1643722383,,,,,,,,,,,,,,,,,,,,,,,,,,,,,,,,,,,,,,,,,,,,,,,,,,,,,,,,,,,,,,,,,,,,,,,,,,,-0.2023829|51.6519674
1643722386,,,,,,,,,,,,,,,,,,,,,,,,,,,,,,,,,,,,,,,,,,,,,,,,,,,,,,,,,,,,,,,,,,,,,,,,,,,-0.2024876|51.6520683
1687241030,,,,,,,,,,,,,,,,,,,,,,,,,,,,,,,,,,,,,,,,,,,,,,,,,,,,,,,,,,,,,,,,,,,,,,,,,,,-0.1743107|51.6299892
1687453632,,,,,,,,,,,,,,,,,,,,,,,,,,,,,,,,,,,,,,,,,,,,,,,,,,,,,,,,,,,,,,,,,,,,,,,,,,,-0.1747499|51.6304151
1687453648,,,,,,,,,,,,,,,,,,,,,,,,,,,,,,,,,,,,,,,,,,,,,,,,,,,,,,,,,,,,,,,,,,,,,,,,,,,-0.1745623|51.6304148
1687453660,,,,,,,,,,,,,,,,,,,,,,,,,,,,,,,,,,,,,,,,,,,,,,,,,,,,,,,,,,,,,,,,,,,,,,,,,,,-0.1746989|51.6303418
1687453661,,,,,,,,,,,,,,,,,,,,,,,,,,,,,,,,,,,,,,,,,,,,,,,,,,,,,,,,,,,,,,,,,,,,,,,,,,,-0.1746496|51.6304114
1687453675,,,,,,,,,,,,,,,,,,,,,,,,,,,,,,,,,,,,,,,,,,,,,,,,,,,,,,,,,,,,,,,,,,,,,,,,,,,-0.1746388|51.6303952
1687453684,,,,,,,,,,,,,,,,,,,,,,,,,,,,,,,,,,,,,,,,,,,,,,,,,,,,,,,,,,,,,,,,,,,,,,,,,,,-0.1746663|51.6304365
1687453691,,,,,,,,,,,,,,,,,,,,,,,,,,,,,,,,,,,,,,,,,,,,,,,,,,,,,,,,,,,,,,,,,,,,,,,,,,,-0.1745424|51.6303821
1701635476,,,,,,,,,,,,,,,,,,,,,,,,,,,,,,,,,,,,,,,,,,,,,,,,,,,,,,,,,,,,,,,,,,,,,,,,,,,-0.175284|51.63218
1701640226,,,,,,,,,,,,,,,,,,,,,,,,,,,,,,,,,,,,,,,,,,,,,,,,,,,,,,,,,,,,,,,,,,,,,,,,,,,-0.1752703|51.6321314
1701640232,,,,,,,,,,,,,,,,,,,,,,,,,,,,,,,,,,,,,,,,,,,,,,,,,,,,,,,,,,,,,,,,,,,,,,,,,,,-0.1751639|51.6321968
1701640287,,,,,,,,,,,,,,,,,,,,,,,,,,,,,,,,,,,,,,,,,,,,,,,,,,,,,,,,,,,,,,,,,,,,,,,,,,,-0.1751111|51.6321891
1701640298,,,,,,,,,,,,,,,,,,,,,,,,,,,,,,,,,,,,,,,,,,,,,,,,,,,,,,,,,,,,,,,,,,,,,,,,,,,-0.1751019|51.6321538
1701640326,,,,,,,,,,,,,,,,,,,,,,,,,,,,,,,,,,,,,,,,,,,,,,,,,,,,,,,,,,,,,,,,,,,,,,,,,,,-0.1751587|51.6321824
1704838023,,,,,,,,,,,,,,,,,,,,,,,,,,,,,,,,,,,,,,,,,,,,,,,,,,,,,,,,,,,,,,,,,,,,,,,,,,,-0.1479218|51.649586
1708984364,,,,,,,,,,,,,,,,,,,,,,,,,,,,,,,,,,,,,,,,,,,,,,,,,,,,,,,,,,,,,,,,,,,,,,,,,,,-0.152471|51.6345321
1708984390,,,,,,,,,,,,,,,,,,,,,,,,,,,,,,,,,,,,,,,,,,,,,,,,,,,,,,,,,,,,,,,,,,,,,,,,,,,-0.1528109|51.6345688
1708984418,,,,,,,,,,,,,,,,,,,,,,,,,,,,,,,,,,,,,,,,,,,,,,,,,,,,,,,,,,,,,,,,,,,,,,,,,,,-0.1527995|51.63465
1708984448,,,,,,,,,,,,,,,,,,,,,,,,,,,,,,,,,,,,,,,,,,,,,,,,,,,,,,,,,,,,,,,,,,,,,,,,,,,-0.1525319|51.6345354
1708984539,,,,,,,,,,,,,,,,,,,,,,,,,,,,,,,,,,,,,,,,,,,,,,,,,,,,,,,,,,,,,,,,,,,,,,,,,,,-0.1525293|51.6345536
1708984546,,,,,,,,,,,,,,,,,,,,,,,,,,,,,,,,,,,,,,,,,,,,,,,,,,,,,,,,,,,,,,,,,,,,,,,,,,,-0.1524571|51.6346314
1737097561,,,,,,,,,,,,,,,,,,,,,,,,,,,,,,,,,,,,,,,,,,,,,,,,,,,,,,,,,,,,,,,,,,,,,,,,,,,-0.17811|51.6301806
1737097579,,,,,,,,,,,,,,,,,,,,,,,,,,,,,,,,,,,,,,,,,,,,,,,,,,,,,,,,,,,,,,,,,,,,,,,,,,,-0.1781807|51.6301841
1737097596,,,,,,,,,,,,,,,,,,,,,,,,,,,,,,,,,,,,,,,,,,,,,,,,,,,,,,,,,,,,,,,,,,,,,,,,,,,-0.1785861|51.630204
1737097662,,,,,,,,,,,,,,,,,,,,,,,,,,,,,,,,,,,,,,,,,,,,,,,,,,,,,,,,,,,,,,,,,,,,,,,,,,,-0.1780939|51.63031
1737097668,,,,,,,,,,,,,,,,,,,,,,,,,,,,,,,,,,,,,,,,,,,,,,,,,,,,,,,,,,,,,,,,,,,,,,,,,,,-0.1781662|51.630299
1737097698,,,,,,,,,,,,,,,,,,,,,,,,,,,,,,,,,,,,,,,,,,,,,,,,,,,,,,,,,,,,,,,,,,,,,,,,,,,-0.1785718|51.6303165
1798788050,Costa,,London,,,11,,NW11 8DY,Golders Green Road,,,cafe,,,Costa,,Q608845,,,,,,,,,,,,,coffee_shop,,,,,,,,,1104601,,,,wlan,,,,,,,,closed,,,,,,,,,,,,,,,yes,,,,,,,,,-0.1961255|51.5717695
1798788051,Caffè Nero,,,,,,,,,,,cafe,,,Caffè Nero,,Q675808,,,,,,,,,,,,https://caffenero.com/uk/store/golders-green-119/,coffee_shop,,,,,,,,,,,,,,,,,,,,,,,,,,,,,,,,,,,,yes,,,,,,,,,-0.1968432|51.5719371
1798788053,Starbucks,,,,,,,,,,,cafe,,,Starbucks,,Q37158,en:Starbucks,,,,,,,,,,,,coffee_shop,,,,,,,,,,,,,yes,,,,,,Starbucks Coffee,,,,,,,,,,,,,,,,,yes,,,,,,,,,-0.1959731|51.5717522
1911500211,,,,,,,,,,,,,,,,,,,,,,,,,,,,,,,,,,,,,,,,,,,,,,,,,,,,,,,,,,,,,,,,,,,,,,,,,,,-0.1472551|51.6468868
1911500217,,,,,,,,,,,,,,,,,,,,,,,,,,,,,,,,,,,,,,,,,,,,,,,,,,,,,,,,,,,,,,,,,,,,,,,,,,,-0.1474407|51.6468574
1911511974,,,,,,,,,,,,,,,,,,,,,,,,,,,,,,,,,,,,,,,,,,,,,,,,,,,,,,,,,,,,,,,,,,,,,,,,,,,-0.1474888|51.6468505
1911511980,,,,,,,,,,,,,,,,,,,,,,,,,,,,,,,,,,,,,,,,,,,,,,,,,,,,,,,,,,,,,,,,,,,,,,,,,,,-0.1475057|51.6468958
1934089828,Andy's Restaurant,,,,,,,,,,,cafe,,,,,,,,,,,,,,,,,,,,,,,,,,,,,,,,,,,,,,,,,,,,,,,,,,,,,,,,,,,,,,,-0.2269787|51.5832083
1943457002,Starbucks,,London,,,811,,N12 8JR,High Road,,,cafe,,,Starbucks,,Q37158,en:Starbucks,,,,,,,,,,,,coffee_shop,,,,,,,,,,,,,,,,,,,Starbucks Coffee,,"Mo-Fr 06:30-19:30; Sa,Su 07:00-19:30",,,,,,,,,,,,,,,yes,,,,,,,https://www.starbucks.com/store-locator/store/3147/north-finchley-high-road-811-high-road-london-eng-n-12-8-jr-gb,,-0.1770836|51.6163629
1984619615,,,,,,,,,,,,,,,,,,,,,,,,,,,,,,,,,,,,,,,,,,,,,,,,,,,,,,,,,,,,,,,,,,,,,,,,,,,-0.1627333|51.6115335
1984619662,,,,,,,,,,,,,,,,,,,,,,,,,,,,,,,,,,,,,,,,,,,,,,,,,,,,,,,,,,,,,,,,,,,,,,,,,,,-0.1627001|51.6113949
1985725793,,,,,,,,,,,,,,,,,,,,,,,,,,,,,,,,,,,,,,,,,,,,,,,,,,,,,,,,,,,,,,,,,,,,,,,,,,,-0.1462603|51.6153797
1985725805,,,,,,,,,,,,,,,,,,,,,,,,,,,,,,,,,,,,,,,,,,,,,,,,,,,,,,,,,,,,,,,,,,,,,,,,,,,-0.1463114|51.6153842
1985725808,,,,,,,,,,,,,,,,,,,,,,,,,,,,,,,,,,,,,,,,,,,,,,,,,,,,,,,,,,,,,,,,,,,,,,,,,,,-0.1462908|51.6153715
1985725824,,,,,,,,,,,,,,,,,,,,,,,,,,,,,,,,,,,,,,,,,,,,,,,,,,,,,,,,,,,,,,,,,,,,,,,,,,,-0.1463525|51.6153731
1985725827,,,,,,,,,,,,,,,,,,,,,,,,,,,,,,,,,,,,,,,,,,,,,,,,,,,,,,,,,,,,,,,,,,,,,,,,,,,-0.1463218|51.6153291
1985725841,,,,,,,,,,,,,,,,,,,,,,,,,,,,,,,,,,,,,,,,,,,,,,,,,,,,,,,,,,,,,,,,,,,,,,,,,,,-0.1463249|51.6154035
1985725848,,,,,,,,,,,,,,,,,,,,,,,,,,,,,,,,,,,,,,,,,,,,,,,,,,,,,,,,,,,,,,,,,,,,,,,,,,,-0.1462844|51.6154143
1993188849,Ragulan,,London,GB,,628,,NW9 9HN,Kingsbury Road,,,cafe,,,,,,,,,,,,,,,,,,,,,,,,,,,532238,,,,,,,,,,,,,,,,,,,,,,,,,,,,,,,,,,,,-0.2795635|51.5850433
1993188865,Shake Time,,London,GB,,618,,NW9 9HN,Kingsbury Road,,,cafe,,,,,,,,,,,2023-01-22,,,,,,,dessert,,,,,,,,,532236,,,,,,,,,,,,,,,,,,,,,,,,,,,,,,,,,,,,-0.279162|51.5851277
1996317882,Inky's Café,,,,,,,,,,,cafe,,,,,,,,,,,,,,,,,,,,,,,,,,,,,,,,,,,,,,,"Mo-Fr 09:00-17:00; Sa,Su 10:00-17:00",,,,,,,,,,,,,,,,,,,,,,,limited,-0.1944596|51.5967356
2040986625,Costa,,,,,,,,,,,cafe,,,Costa,,Q608845,en:Costa Coffee,,,,,,,,,,,,coffee_shop,,,,,,,,,,,,,,,,,,,,,,,,,,,,,,,,,,,,yes,,,,,,,,,-0.2234704|51.571843
2094002551,,,,,,,,,,,,,,,,,,,,,,,,,,,,,,,,,,,,,,,,,,,,,,,,,,,,,,,,,,,,,,,,,,,,,,,,,,,-0.1772396|51.5557315
2094002561,,,,,,,,,,,,,,,,,,,,,,,,,,,,,,,,,,,,,,,,,,,,,,,,,,,,,,,,,,,,,,,,,,,,,,,,,,,-0.1772874|51.5557691
2094002563,,,,,,,,,,,,,,,,,,,,,,,,,,,,,,,,,,,,,,,,,,,,,,,,,,,,,,,,,,,,,,,,,,,,,,,,,,,-0.1771485|51.5557761
2094002567,,,,,,,,,,,,,,,,,,,,,,,,,,,,,,,,,,,,,,,,,,,,,,,,,,,,,,,,,,,,,,,,,,,,,,,,,,,-0.1771963|51.5558138
2095564951,,,,,,,,,,,,,,,,,,,,,,,,,,,,,,,,,,,,,,,,,,,,,,,,,,,,,,,,,,,,,,,,,,,,,,,,,,,-0.1780894|51.5564501
2095564956,,,,,,,,,,,,,,,,,,,,,,,,,,,,,,,,,,,,,,,,,,,,,,,,,,,,,,,,,,,,,,,,,,,,,,,,,,,-0.1780636|51.556463
2095564958,,,,,,,,,,,,,,,,,,,,,,,,,,,,,,,,,,,,,,,,,,,,,,,,,,,,,,,,,,,,,,,,,,,,,,,,,,,-0.1781527|51.5564908
2095564962,,,,,,,,,,,,,,,,,,,,,,,,,,,,,,,,,,,,,,,,,,,,,,,,,,,,,,,,,,,,,,,,,,,,,,,,,,,-0.1781243|51.556503
2095564964,,,,,,,,,,,,,,,,,,,,,,,,,,,,,,,,,,,,,,,,,,,,,,,,,,,,,,,,,,,,,,,,,,,,,,,,,,,-0.17794|51.5565335
2095564965,,,,,,,,,,,,,,,,,,,,,,,,,,,,,,,,,,,,,,,,,,,,,,,,,,,,,,,,,,,,,,,,,,,,,,,,,,,-0.1779937|51.5565713
2096222266,,,,,,,,,,,,,,,,,,,,,,,,,,,,,,,,,,,,,main,,,,,,,,,,,,,,,,,,,,,,,,,photograph,,,,,,,,,,,,,-0.1771882|51.5558075
2096222312,,,,,,,,,,,,,,,,,,,,,,,,,,,,,,,,,,,,,main,,,,,,,,,,,,,,,,,,,,,,,,,photograph,,,,,,,,,,,,,-0.1781386|51.5564817
2099151766,,,,,,,,,,,,,,,,,,,,,,,,,,,,,,,,,,,,,,,,,,,,,,,,,,,,,,,,,,,,,,,,,,,,,,,,,,,-0.2557005|51.5931596
2099151772,,,,,,,,,,,,,,,,,,,,,,,,,,,,,,,,,,,,,,,,,,,,,,,,,,,,,,,,,,,,,,,,,,,,,,,,,,,-0.2556691|51.5930271
2099151774,,,,,,,,,,,,,,,,,,,,,,,,,,,,,,,,,,,,,,,,,,,,,,,,,,,,,,,,,,,,,,,,,,,,,,,,,,,-0.2557566|51.593098
2099151826,,,,,,,,,,,,,,,,,,,,,,,,,,,,,,,,,,,,,,,,,,,,,,,,,,,,,,,,,,,,,,,,,,,,,,,,,,,-0.2556718|51.5931353
2112657045,,,,,,,,,,,,,,,,,,,,,,,,,,,,,,,,,,,,,,,,,,,,,,,,,,,,,,,,,,,,,,,,,,,,,,,,,,,-0.2242785|51.5828813
2112657107,,,,,,,,,,,,,,,,,,,,,,,,,,,,,,,,,,,,,,,,,,,,,,,,,,,,,,,,,,,,,,,,,,,,,,,,,,,-0.2242618|51.5828035
2112657130,,,,,,,,,,,,,,,,,,,,,,,,,,,,,,,,,,,,,,,,,,,,,,,,,,,,,,,,,,,,,,,,,,,,,,,,,,,-0.2244584|51.5827872
2112657141,,,,,,,,,,,,,,,,,,,,,,,,,,,,,,,,,,,,,,,,,,,,,,,,,,,,,,,,,,,,,,,,,,,,,,,,,,,-0.2244751|51.582865
2131643152,,,,,,,,,,,,,,,,,,,,,,,,,,,,,,,,,,,,,,,,,,,,,,,,,,,,,,,,,,,,,,,,,,,,,,,,,,,-0.1846128|51.6054736
2131643161,,,,,,,,,,,,,,,,,,,,,,,,,,,,,,,,,,,,,,,,,,,,,,,,,,,,,,,,,,,,,,,,,,,,,,,,,,,-0.1846845|51.6055168
2131643166,,,,,,,,,,,,,,,,,,,,,,,,,,,,,,,,,,,,,,,,,,,,,,,,,,,,,,,,,,,,,,,,,,,,,,,,,,,-0.1846663|51.6054393
2131643216,,,,,,,,,,,,,,,,,,,,,,,,,,,,,,,,,,,,,,,,,,,,,,,,,,,,,,,,,,,,,,,,,,,,,,,,,,,-0.184738|51.6054826
2133151764,,,,,,,,,,,,,,,,,,,,,,,,,,,,,,,,,,,,,,,,,,,,,,,,,,,,,,,,,,,,,,,,,,,,,,,,,,,-0.2316734|51.5983576
2133151811,,,,,,,,,,,,,,,,,,,,,,,,,,,,,,,,,,,,,,,,,,,,,,,,,,,,,,,,,,,,,,,,,,,,,,,,,,,-0.2319141|51.5982538
2133151926,,,,,,,,,,,,,,,,,,,,,,,,,,,,,,,,,,,,,,,,,,,,,,,,,,,,,,,,,,,,,,,,,,,,,,,,,,,-0.2319098|51.5983613
2133151929,,,,,,,,,,,,,,,,,,,,,,,,,,,,,,,,,,,,,,,,,,,,,,,,,,,,,,,,,,,,,,,,,,,,,,,,,,,-0.2316777|51.5982501
2292697248,Reindeer Cafe,,,,,,,,,,,cafe,,,,,,,,,,,,,,,,,,chinese,,,,,,,,,,,,,,,,,,,,,,,,,,,,,,,,,,,,,,,,,,,,,-0.2288084|51.5669569
2322099861,Costa,,London,,,813,,N12 8PR,High Road,,,cafe,,,Costa,,Q608845,,yes,1,no,unisex_toilet,,,,,,,,coffee_shop,,,,,,,,,1274728,,,,wlan,no,,,,,,,Mo-Sa 06:00-20:00; Su 06:30-20:00,,,,yes,,,,,,,,,,,yes,yes,customers,,,,,,,-0.1770908|51.6165271
2328776409,,,,,,,,,,,,,,,,,,,,,,,,,,,,,,,,,,,,,,,,,,,,,,,,,,,,,,,,,,,,,,,,,,,,,,,,,,,-0.1430003|51.5914311
2328776410,,,,,,,,,,,,,,,,,,,,,,,,,,,,,,,,,,,,,,,,,,,,,,,,,,,,,,,,,,,,,,,,,,,,,,,,,,,-0.1429343|51.5914338
2328776411,,,,,,,,,,,,,,,,,,,,,,,,,,,,,,,,,,,,,,,,,,,,,,,,,,,,,,,,,,,,,,,,,,,,,,,,,,,-0.1428001|51.5914398
2328776412,,,,,,,,,,,,,,,,,,,,,,,,,,,,,,,,,,,,,,,,,,,,,,,,,,,,,,,,,,,,,,,,,,,,,,,,,,,-0.1424723|51.5914538
2328776414,,,,,,,,,,,,,,,,,,,,,,,,,,,,,,,,,,,,,,,,,,,,,,,,,,,,,,,,,,,,,,,,,,,,,,,,,,,-0.1430148|51.5914718
2328776416,,,,,,,,,,,,,,,,,,,,,,,,,,,,,,,,,,,,,,,,,,,,,,,,,,,,,,,,,,,,,,,,,,,,,,,,,,,-0.1428425|51.5914954
2328776419,,,,,,,,,,,,,,,,,,,,,,,,,,,,,,,,,,,,,,,,,,,,,,,,,,,,,,,,,,,,,,,,,,,,,,,,,,,-0.1425239|51.5915078
2328776420,,,,,,,,,,,,,,,,,,,,,,,,,,,,,,,,,,,,,,,,,,,,,,,,,,,,,,,,,,,,,,,,,,,,,,,,,,,-0.1431195|51.5915126
2328776424,,,,,,,,,,,,,,,,,,,,,,,,,,,,,,,,,,,,,,,,,,,,,,,,,,,,,,,,,,,,,,,,,,,,,,,,,,,-0.1430709|51.5915218
2328776427,,,,,,,,,,,,,,,,,,,,,,,,,,,,,,,,,,,,,,,,,,,,,,,,,,,,,,,,,,,,,,,,,,,,,,,,,,,-0.1428827|51.5915537
2328776430,,,,,,,,,,,,,,,,,,,,,,,,,,,,,,,,,,,,,,,,,,,,,,,,,,,,,,,,,,,,,,,,,,,,,,,,,,,-0.1431426|51.5915639
2328776435,,,,,,,,,,,,,,,,,,,,,,,,,,,,,,,,,,,,,,,,,,,,,,,,,,,,,,,,,,,,,,,,,,,,,,,,,,,-0.1429182|51.5916028
2328776436,,,,,,,,,,,,,,,,,,,,,,,,,,,,,,,,,,,,,,,,,,,,,,,,,,,,,,,,,,,,,,,,,,,,,,,,,,,-0.1431625|51.5916082
2328776437,,,,,,,,,,,,,,,,,,,,,,,,,,,,,,,,,,,,,,,,,,,,,,,,,,,,,,,,,,,,,,,,,,,,,,,,,,,-0.1423226|51.5915417
2328776441,,,,,,,,,,,,,,,,,,,,,,,,,,,,,,,,,,,,,,,,,,,,,,,,,,,,,,,,,,,,,,,,,,,,,,,,,,,-0.1429581|51.5916532
2328776442,,,,,,,,,,,,,,,,,,,,,,,,,,,,,,,,,,,,,,,,,,,,,,,,,,,,,,,,,,,,,,,,,,,,,,,,,,,-0.1431861|51.5916606
2328776443,,,,,,,,,,,,,,,,,,,,,,,,,,,,,,,,,,,,,,,,,,,,,,,,,,,,,,,,,,,,,,,,,,,,,,,,,,,-0.1423372|51.5915493
2328776446,,,,,,,,,,,,,,,,,,,,,,,,,,,,,,,,,,,,,,,,,,,,,,,,,,,,,,,,,,,,,,,,,,,,,,,,,,,-0.1429949|51.5917073
2328776467,,,,,,,,,,,,,,,,,,,,,,,,,,,,,,,,,,,,,,,,,,,,,,,,,,,,,,,,,,,,,,,,,,,,,,,,,,,-0.1432502|51.5919332
2328776468,,,,,,,,,,,,,,,,,,,,,,,,,,,,,,,,,,,,,,,,,,,,,,,,,,,,,,,,,,,,,,,,,,,,,,,,,,,-0.1431382|51.591952
2328776470,,,,,,,,,,,,,,,,,,,,,,,,,,,,,,,,,,,,,,,,,,,,,,,,,,,,,,,,,,,,,,,,,,,,,,,,,,,-0.1432971|51.592034
2328776473,,,,,,,,,,,,,,,,,,,,,,,,,,,,,,,,,,,,,,,,,,,,,,,,,,,,,,,,,,,,,,,,,,,,,,,,,,,-0.1431895|51.5920573
2328776532,,,,,,,,,,,,,,,,,,,,,,,,,,,,,,,,,,,,,,,,,,,,,,,,,,,,,,,,,,,,,,,,,,,,,,,,,,,-0.143393|51.5929437
2328776534,,,,,,,,,,,,,,,,,,,,,,,,,,,,,,,,,,,,,,,,,,,,,,,,,,,,,,,,,,,,,,,,,,,,,,,,,,,-0.1432648|51.592967
2328776535,,,,,,,,,,,,,,,,,,,,,,,,,,,,,,,,,,,,,,,,,,,,,,,,,,,,,,,,,,,,,,,,,,,,,,,,,,,-0.1434191|51.5929825
2328776536,,,,,,,,,,,,,,,,,,,,,,,,,,,,,,,,,,,,,,,,,,,,,,,,,,,,,,,,,,,,,,,,,,,,,,,,,,,-0.1432689|51.5929981
2328776543,,,,,,,,,,,,,,,,,,,,,,,,,,,,,,,,,,,,,,,,,,,,,,,,,,,,,,,,,,,,,,,,,,,,,,,,,,,-0.1431986|51.5930736
2328776545,,,,,,,,,,,,,,,,,,,,,,,,,,,,,,,,,,,,,,,,,,,,,,,,,,,,,,,,,,,,,,,,,,,,,,,,,,,-0.1430988|51.5931255
2328776546,,,,,,,,,,,,,,,,,,,,,,,,,,,,,,,,,,,,,,,,,,,,,,,,,,,,,,,,,,,,,,,,,,,,,,,,,,,-0.1432907|51.593139
2328776547,,,,,,,,,,,,,,,,,,,,,,,,,,,,,,,,,,,,,,,,,,,,,,,,,,,,,,,,,,,,,,,,,,,,,,,,,,,-0.1431625|51.593197
2341125346,Caffè Nero,,London,,,776,,N12 9QH,High Road,,,cafe,,,Caffè Nero,,Q675808,en:Caffè Nero,,,,,,,,,,,https://caffenero.com/uk/store/north-finchley-high-road-663/,coffee_shop,,,,,,,,,845683,,,,wlan,no,,,,,,,,,,,,,,,,,,survey,,,,yes,,,,,,,,,-0.1764988|51.6156626
2349900008,,,,,,,,,,,,,,,,,,,,,,,,,,,,,,,,,,,,,,,,,,,,,,,,,,,,,,,,,,,,,,,,,,,,,,,,,,,-0.269892|51.657999
2349900015,,,,,,,,,,,,,,,,,,,,,,,,,,,,,,,,,,,,,,,,,,,,,,,,,,,,,,,,,,,,,,,,,,,,,,,,,,,-0.2697759|51.6580583
2349900016,,,,,,,,,,,,,,,,,,,,,,,,,,,,,,,,,,,,,,,,,,,,,,,,,,,,,,,,,,,,,,,,,,,,,,,,,,,-0.2699795|51.658065
2349900020,,,,,,,,,,,,,,,,,,,,,,,,,,,,,,,,,,,,,,,,,,,,,,,,,,,,,,,,,,,,,,,,,,,,,,,,,,,-0.2698558|51.6580945
2349900022,,,,,,,,,,,,,,,,,,,,,,,,,,,,,,,,,,,,,,,,,,,,,,,,,,,,,,,,,,,,,,,,,,,,,,,,,,,-0.2698369|51.6581042
2349900026,,,,,,,,,,,,,,,,,,,,,,,,,,,,,,,,,,,,,,,,,,,,,,,,,,,,,,,,,,,,,,,,,,,,,,,,,,,-0.2698824|51.6581146
2406756169,Boston Peri Peri,,Wembley,GB,,263,,HA3 0PS,Preston Road,,,cafe,,,,,,,,,,,,,,,,,,,,,,,,,,,532480,,,,,,,,,,,,,,,,,,,,,,,survey;Bing 2012,FHRS Open Data,FHRS Open Data,2013-08-02,,,,,no,,,,yes,-0.2948556|51.5723628
2406756172,Costa,,Wembley,GB,,247,,HA3 0PS,Preston Road,,,cafe,,,Costa,,Q608845,en:Costa Coffee,,,,,,,,,,,,coffee_shop,,,,,,,,,653444,,,,,,,,,,,,Mo-Sa 07:00-19:00;Su 09:00-18:00,,,Costa,,,,,,,,survey;Bing 2012,FHRS Open Data,,2013-08-02,yes,,,,no,,,,yes,-0.2949126|51.5718456
2406756185,kokö dessert,,Wembley,GB,,205,,HA9 8NF,Preston Road,,,cafe,,,,,,,,,,,,,,,,,,ice_cream,Liquid Nitrogen Ice-cream.,,,,,,,,,,,,,,,,,,,,,,,,,,,,,,,survey;Bing 2012,,FHRS Open Data,2015-07-05,,,,,no,,,,yes,-0.2949584|51.5705841
2406756190,Patisserie Romana 2,,Wembley,GB,,237,,HA9 8PE,Preston Road,,,cafe,,,,,,,,,,,,,,,,,,,,,,,,,,,710594,,,,,,,,,,,,,,,,,,,,,,,survey;Bing 2012,FHRS Open Data,,2013-10-21,,,,,no,,,,yes,-0.2949332|51.5715346
2429741559,,,,,,,,,,,,,,,,,,,,,,,,,,,,,,,,,,,,,,,,,,,,,,,,,,,,,,,,,,,,,,,,,,,,,,,,,,,-0.1346771|51.5644557
2429741560,,,,,,,,,,,,,,,,,,,,,,,,,,,,,,,,,,,,,,,,,,,,,,,,,,,,,,,,,,,,,,,,,,,,,,,,,,,-0.1347054|51.5644557
2429741562,,,,,,,,,,,,,,,,,,,,,,,,,,,,,,,,,,,,,,,,,,,,,,,,,,,,,,,,,,,,,,,,,,,,,,,,,,,-0.134859|51.5645262
2429741584,,,,,,,,,,,,,,,,,,,,,,,,,,,,,,,,,,,,,,,,,,,,,,,,,,,,,,,,,,,,,,,,,,,,,,,,,,,-0.1342462|51.565297
2437755944,Gamberini,,London,,,183,,N14 4XA,Bramley Road,,,cafe,,,,,,,,,,,,,,,,,,,,,,,,,,,,,,,,,,,,,,,,,,,,,,,,,,,,,,,,,,,,,,,-0.1293498|51.6488447
2517463841,Parkway Patisserie,,Wembley,GB,,204,,,Preston Road,,,cafe,,,,,,,,,,,,,,,,,,,,,,,,,,,,,,,,,,,,,,,,,,,,,,,+44 20 8904 7736,,,survey;Bing 2012,,,2013-08-17,,,,,no,,,,limited,-0.2946295|51.5705633
2569471899,Sherrards bakery,,,,,,,,,,,cafe,,,,,,,,,,,,,,,,,,coffee_shop,,,,,,,,,,,,,,,,,,,,,,,,,,,,,,,,,,,,,,,,,,,https://sherrardsbakery.co.uk/,,-0.1830067|51.5856909
2656000111,Caffè Nero,,London,,London Designer Outlet,"Unit 79, Level 1",,HA9 0FD,Wembley Park Boulevard,,yes,cafe,,,Caffè Nero,,Q675808,,,,,,,,,,,,,coffee_shop,,,,,,,,,,,,,,,1,,,,,,Mo-Sa 7:00-21:00; Su 8:30-19:00,,,,,,,,+44 20 8902 0169,,,,,,,yes,,,,,,,,,-0.2841012|51.556405
2656022640,Costa,,London,,London Designer Outlet,Unit 49,,HA9 0TG,Wembley Park Boulevard,,,cafe,,,Costa,,Q608845,,,,,,,,,,,,,coffee_shop,,,,,,,,,626701,No level information.,,,,,,,,,,,"Mo-Su ""Open until late""",,,,,,,,+44 20 8903 9832,,,,,,,yes,,,,,,,http://www.london-designer-outlet.com/brand-directory/costa,,-0.2837875|51.5560979
2656132517,Starbucks,,London,,London Designer Outlet,Access on Level 2,,HA9 0TG,Wembley Park Boulevard,,,cafe,,,Starbucks,,Q37158,,,,,,,,,,,,,coffee_shop,,,,,,,,,,,,,,,2,,,,Starbucks Coffee,,Mo-Su 9:00-23:00,,,,,,,,,,,,,,,yes,,,,,,,http://www.london-designer-outlet.com/brand-directory/starbucks,,-0.2839792|51.5562708
2969164036,Southgate Hockey Centre Bar,,,,,,,,,,,cafe,,,,,,,,,,,,,,,,,,,,,,,,,,,,,,,,,,,,,,,,,,,,,,,,,,,,,,,,,,,,,,,-0.1397322|51.6563846
2980801670,Bear + Wolf,,London,,,153,,NW5 2HR,Fortess Road,,,cafe,,,,,,,,,,,2023-04-16,,https://www.facebook.com/bearandwolfcafe/,,,,,,,,,,,,,,849904,,,,wlan,,,,,,,,Mo-Fr 07:30-17:00; Sa-Su 08:30-17:00,,,,no,,,,,,,,,,,,,,,,,https://twitter.com/BEAR_and_WOLF,https://www.bearandwolfcafe.com/,,-0.1388719|51.5564913
3023395356,Caffe Granello,,,,,148,,,East Barnet Road,,,cafe,,,,,,,,,,,,,,,,,,,,,,,,,,,,,,,,,,,,,,,,,,,,,,,,,,,,,,,,,,,,,,,-0.1683437|51.6478167
3174731005,,,,,,,,,,,,,,,,,,,,,,,,,,,,,,,,,,,,,,,,,,,,,,,,,,,,,,,,,,,,,,,,,,,,,,,,,,,-0.1462151|51.6152629
3174731014,Diony & Adam,,London,,,,,N11 3DA,Friern Barnet Road,,,cafe,,,,,,,,,,,,,dionyadam,,,,,greek,,,,,,,,,1301435,,,,,,,,,,,,Mo-Su 08:00-23:00,,,,yes,,,,+44 20 3620 2107,,,,,,,,,,,,,,,,-0.1582378|51.6128767
3319203492,,,,,,,,,,,,,,,,,,,,,,,,,,,,,,,,,,,,,,,,,,,,,,,,,,,,,,,,,,,,,,,,,,,,,,,,,,,-0.2954328|51.6075949
3319203494,,,,,,,,,,,,,,,,,,,,,,,,,,,,,,,,,,,,,,,,,,,,,,,,,,,,,,,,,,,,,,,,,,,,,,,,,,,-0.2953577|51.6075983
3319203534,,,,,,,,,,,,,,,,,,,,,,,,,,,,,,,,,,,,,,,,,,,,,,,,,,,,,,,,,,,,,,,,,,,,,,,,,,,-0.2954516|51.6077541
3319203536,,,,,,,,,,,,,,,,,,,,,,,,,,,,,,,,,,,,,,,,,,,,,,,,,,,,,,,,,,,,,,,,,,,,,,,,,,,-0.2953764|51.6077575
3354971640,,,,,,,,,,,,,,,,,,,,,,,,,,,,,,,,,,,,,,,,,,,,,,,,,,,,,,,,,,,,,,,,,,,,,,,,,,,-0.1502563|51.6508393
3354971641,,,,,,,,,,,,,,,,,,,,,,,,,,,,,,,,,,,,,,,,,,,,,,,,,,,,,,,,,,,,,,,,,,,,,,,,,,,-0.1501584|51.6508635
3354971643,,,,,,,,,,,,,,,,,,,,,,,,,,,,,,,,,,,,,,,,,,,,,,,,,,,,,,,,,,,,,,,,,,,,,,,,,,,-0.1501058|51.6508773
3354971644,,,,,,,,,,,,,,,,,,,,,,,,,,,,,,,,,,,,,,,,,,,,,,,,,,,,,,,,,,,,,,,,,,,,,,,,,,,-0.1502831|51.6508828
3354971646,,,,,,,,,,,,,,,,,,,,,,,,,,,,,,,,,,,,,,,,,,,,,,,,,,,,,,,,,,,,,,,,,,,,,,,,,,,-0.1501168|51.6509135
3354971649,,,,,,,,,,,,,,,,,,,,,,,,,,,,,,,,,,,,,,,,,,,,,,,,,,,,,,,,,,,,,,,,,,,,,,,,,,,-0.1500241|51.6509377
3354971650,,,,,,,,,,,,,,,,,,,,,,,,,,,,,,,,,,,,,,,,,,,,,,,,,,,,,,,,,,,,,,,,,,,,,,,,,,,-0.1500319|51.6509457
3354971655,,,,,,,,,,,,,,,,,,,,,,,,,,,,,,,,,,,,,,,,,,,,,,,,,,,,,,,,,,,,,,,,,,,,,,,,,,,-0.149811|51.6510054
3355061861,,,,,,,,,,,,,,,,,,,,,,,,,,,,,,,,,,,,,,,,,,,,,,,,,,,,,,,,,,,,,,,,,,,,,,,,,,,-0.1477148|51.6494499
3355061865,,,,,,,,,,,,,,,,,,,,,,,,,,,,,,,,,,,,,,,,,,,,,,,,,,,,,,,,,,,,,,,,,,,,,,,,,,,-0.1477643|51.6494685
3355061868,,,,,,,,,,,,,,,,,,,,,,,,,,,,,,,,,,,,,,,,,,,,,,,,,,,,,,,,,,,,,,,,,,,,,,,,,,,-0.1476759|51.6494905
3355061871,,,,,,,,,,,,,,,,,,,,,,,,,,,,,,,,,,,,,,,,,,,,,,,,,,,,,,,,,,,,,,,,,,,,,,,,,,,-0.1477564|51.6495168
3355061874,,,,,,,,,,,,,,,,,,,,,,,,,,,,,,,,,,,,,,,,,,,,,,,,,,,,,,,,,,,,,,,,,,,,,,,,,,,-0.1477458|51.6495262
3355061876,,,,,,,,,,,,,,,,,,,,,,,,,,,,,,,,,,,,,,,,,,,,,,,,,,,,,,,,,,,,,,,,,,,,,,,,,,,-0.1479678|51.6495317
3356871198,,,,,,,,,,,,,,,,,,,,,,,,,,,,,,,,,,,,,,,,,,,,,,,,,,,,,,,,,,,,,,,,,,,,,,,,,,,-0.1479282|51.6478763
3356871205,,,,,,,,,,,,,,,,,,,,,,,,,,,,,,,,,,,,,,,,,,,,,,,,,,,,,,,,,,,,,,,,,,,,,,,,,,,-0.1479463|51.6479187
3356871207,,,,,,,,,,,,,,,,,,,,,,,,,,,,,,,,,,,,,,,,,,,,,,,,,,,,,,,,,,,,,,,,,,,,,,,,,,,-0.1476606|51.6479226
3356871216,,,,,,,,,,,,,,,,,,,,,,,,,,,,,,,,,,,,,,,,,,,,,,,,,,,,,,,,,,,,,,,,,,,,,,,,,,,-0.1476784|51.6479641
3362338744,,,,,,,,,,,,,,,,,,,,,,,,,,,,,,,,,,,,,,,,,,,,,,,,,,,,,,,,,,,,,,,,,,,,,,,,,,,-0.1475105|51.646916
3362338745,,,,,,,,,,,,,,,,,,,,,,,,,,,,,,,,,,,,,,,,,,,,,,,,,,,,,,,,,,,,,,,,,,,,,,,,,,,-0.1472799|51.6469494
3363345421,,,,,,,,,,,,,,,,,,,,,,,,,,,,,,,,,,,,,,,,,,,,,,,,,,,,,,,,,,,,,,,,,,,,,,,,,,,-0.1498554|51.5554593
3372941199,,,,,,,,,,,,,,,,,,,,,,,,,,,,,,,,,,,,,,,,,,,,,,,,,,,,,,,,,,,,,,,,,,,,,,,,,,,-0.1759123|51.6329204
3372941200,,,,,,,,,,,,,,,,,,,,,,,,,,,,,,,,,,,,,,,,,,,,,,,,,,,,,,,,,,,,,,,,,,,,,,,,,,,-0.1760637|51.6329609
3372941201,,,,,,,,,,,,,,,,,,,,,,,,,,,,,,,,,,,,,,,,,,,,,,,,,,,,,,,,,,,,,,,,,,,,,,,,,,,-0.1759235|51.6329758
3396867138,Cafe la Casita Bistro,,,,,151,,,Bramley Road,,,cafe,,,,,,,,,,,,,,,,,,,,,,,,,,,,,,,,,,,,,,,,,,,,,,,,,,,,,,,,,,,,,,,-0.1317112|51.6477053
3702690129,,,,,,,,,,,,,,,,,,,,,,,,,,,,,,,,,,,,,,,,,,,,,,,,,,,,,,,,,,,,,,,,,,,,,,,,,,,-0.1462532|51.5815154
3702690140,,,,,,,,,,,,,,,,,,,,,,,,,,,,,,,,,,,,,,,,,,,,,,,,,,,,,,,,,,,,,,,,,,,,,,,,,,,-0.1463235|51.5814138
3702690141,,,,,,,,,,,,,,,,,,,,,,,,,,,,,,,,,,,,,,,,,,,,,,,,,,,,,,,,,,,,,,,,,,,,,,,,,,,-0.1463458|51.5815067
3702690157,,,,,,,,,,,,,,,,,,,,,,,,,,,,,,,,,,,,,,,,,,,,,,,,,,,,,,,,,,,,,,,,,,,,,,,,,,,-0.1462309|51.5814225
3709926914,Lakeside Cafe,,,,,,,,,,,cafe,,,,,,,,,,,,,,,,,,,,,,,,,,,,,,yes,wlan,no,,,,,,,,,,,yes,,,,,,,,,,,yes,,,,,,,http://lakesidecafe.co.uk,,-0.130425|51.5967102
3742538957,,,,,,,,,,,,,,,,,,,,,,,,,,,,,,,,,,,,,,,,,,,,,,,,,,,,,,,,,,,,,,,,,,,,,,,,,,,-0.1652552|51.5702864
3742538958,,,,,,,,,,,,,,,,,,,,,,,,,,,,,,,,,,,,,,,,,,,,,,,,,,,,,,,,,,,,,,,,,,,,,,,,,,,-0.1652677|51.5702344
3742538962,,,,,,,,,,,,,,,,,,,,,,,,,,,,,,,,,,,,,,,,,,,,,,,,,,,,,,,,,,,,,,,,,,,,,,,,,,,-0.1653026|51.5702665
3742538963,,,,,,,,,,,,,,,,,,,,,,,,,,,,,,,,,,,,,,,,,,,,,,,,,,,,,,,,,,,,,,,,,,,,,,,,,,,-0.1652203|51.5702543
3778592909,Ferny Hill Tea Rooms,,Barnet,,,,,EN4 0PZ,Ferny Hill,,,cafe,,,,,,,,,,,,,,,,,,,,,,,,,,,,,,,,,,,,,,,,,,,,,,,,,,,,,,,,,,,,,,,-0.1484495|51.6666747
3874311762,Costa Coffee,,London,,,32,,N3 2BJ,Ballards Lane,,,cafe,,,Costa,,Q608845,,,,,,,,,,,,,coffee_shop,,,,,,,,,758239,,,,,,,,,,,,Mo-Sa 06:30-20:00; Su 08:30-18:00,,,,,,,,,,,,,,,yes,,,,,,,,limited,-0.1921034|51.602256
3914624973,Starbucks,,,,,,,,,,,cafe,,,Starbucks,,Q37158,en:Starbucks,,,,,,,,,,,,coffee_shop,,,,,,,,,,,,,,,,,,,Starbucks Coffee,,,,,,,,,,,,,,,,,yes,,,,,,,https://www.starbucks.com/store-locator/store/1008673/wembley-civic-centre-brent-civic-centre-engineers-way-wembley-eng-ha-9-,,-0.2819915|51.558723
3978247469,,,,,,,,,,,,,,,,,,,,,,,,,,,,,,,,,,,,,,,,,,,,,,,,,,,,,,,,,,,,,,,,,,,,,,,,,,,-0.1350708|51.5636405
3979325389,,,,,,,,,,,,,,,,,,,,,,,,,,,,,,,,,,,,,,,,,,,,,,,,,,,,,,,,,,,,,,,,,,,,,,,,,,,-0.1335485|51.6024795
3979325393,,,,,,,,,,,,,,,,,,,,,,,,,,,,,,,,,,,,,,,,,,,,,,,,,,,,,,,,,,,,,,,,,,,,,,,,,,,-0.1332932|51.602511
3979325394,,,,,,,,,,,,,,,,,,,,,,,,,,,,,,,,,,,,,,,,,,,,,,,,,,,,,,,,,,,,,,,,,,,,,,,,,,,-0.1335755|51.6025641
3979325395,,,,,,,,,,,,,,,,,,,,,,,,,,,,,,,,,,,,,,,,,,,,,,,,,,,,,,,,,,,,,,,,,,,,,,,,,,,-0.1333203|51.6025956
4197416294,Caffè Nero,,,,,128,,EN5 5XQ,High Street,,,cafe,,,Caffè Nero,,Q675808,,,,,,,,,,,,https://caffenero.com/uk/store/barnet-high-st-664/,coffee_shop,,,,,,,,,860323,,,,wlan,no,,,,,,,,,,,,,,,,,,,,,,yes,yes,customers,,designated,,,,,-0.2015358|51.6548892
4213677152,Alexandra Palace Garden Centre Cafe,,,,,,,,,,,cafe,,,,,,,,,,,,,,,,,,cafe,,,,,,,,,,,,,,,,,,,,,,,,,yes,,,,,,,,,,,,,,,,,,,,-0.1334726|51.591413
4296598208,Harmony Café,,London,,,,,N11 3DA,Friern Barnet Road,,,cafe,,,,,,,,,,,,,,,+44 20 8361 5302,,,taiwanese;sushi;bubble_tea,,,,,,,,,1580016,,,yes,,,,,,,,,,,,,yes,,,,,,,,,,,yes,,,,,,,,,-0.1575437|51.6130612
4296612955,Unique,,London,,,29,,,Queens Parade,,,cafe,,,,,,,,,,,,,,,,,,,,,,,,,,,,,,,,no,,,,,,,Mo-Sa 06:00-22:00; Su 07:00-22:00,,,,yes,,,,,,,,,,,yes,yes,customers,,,,,,,-0.1578669|51.6129833
4305833704,Aroma Cafe,,,,,,,,,,,cafe,,,,,,,,,,,,,,,,,,coffee_shop,,,,,,,,,,,,,,,,,,,,,,,,,,,,,,,,,,,,,,,,,,,,,-0.1576841|51.5818872
4313588507,,,,,,,,,,,,cafe,,,,,,,,,,,,,,,,,,,,,,,,,,,,,,,,,,,,,,,,,,Morrisons,,,,,,,,,,,,,,,,,,,,,-0.2598224|51.5935276
4313598483,,,,,,,,,,,,cafe,,,,,,,,,,,,,,,,,,,,,,,,,,,,,,,,,,,,,,,,,,Morrisons,,,,,,,,,,,,,,,,,,,,,-0.2564374|51.6439315
4327903409,Lyttle Cafe Gaya,,,,,,,,,,,cafe,,,,,,,,,,,,,,,,,,,,,,,,,,,,,,,,,,,,,,,,,,,,,,,,,,,,,,,,,,,,,,,-0.1770327|51.5841826
4347080392,Simple Treats,,London,,,248,,,West Hendon Broadway,,,cafe,,,,,,,,,,,,,,,,,,,,,,,,,,,,,,,,,,,,,,,,,,,,,,,,,,,,,,,,,,,,,,,-0.2400997|51.5782467
4347080460,,,,,,,,,,,,,,,,,,,,,,,,,,,,,,,,,,,,,,,,,,,,,,,,,,,,,,,,,,,,,,,,,,,,,,,,,,,-0.2405627|51.5785912
4347080461,,,,,,,,,,,,,,,,,,,,,,,,,,,,,,,,,,,,,,,,,,,,,,,,,,,,,,,,,,,,,,,,,,,,,,,,,,,-0.2406058|51.5786313
4347080464,,,,,,,,,,,,,,,,,,,,,,,,,,,,,,,,,,,,,,,,,,,,,,,,,,,,,,,,,,,,,,,,,,,,,,,,,,,-0.2403657|51.5786732
4347080465,,,,,,,,,,,,,,,,,,,,,,,,,,,,,,,,,,,,,,,,,,,,,,,,,,,,,,,,,,,,,,,,,,,,,,,,,,,-0.2404089|51.5787132
4482995913,,,,,,,,,,,,,,,,,,,,,,,,,,,,,,,,,,,,,,,,,,,,,,,,,,,,,,,,,,,,,,,,,,,,,,,,,,,-0.2555517|51.5930758
4482995917,,,,,,,,,,,,,,,,,,,,,,,,,,,,,,,,,,,,,,,,,,,,,,,,,,,,,,,,,,,,,,,,,,,,,,,,,,,-0.2556652|51.5931757
4494235235,,,,,,,,,,,,,,,,,,,,,,,,,,,,,,,,,,,,,,,,,,,,,,,,,,,,,,,,,,,,,,,,,,,,,,,,,,,-0.2368327|51.5599017
4494235236,,,,,,,,,,,,,,,,,,,,,,,,,,,,,,,,,,,,,,,,,,,,,,,,,,,,,,,,,,,,,,,,,,,,,,,,,,,-0.2369091|51.5599114
4494235239,,,,,,,,,,,,,,,,,,,,,,,,,,,,,,,,,,,,,,,,,,,,,,,,,,,,,,,,,,,,,,,,,,,,,,,,,,,-0.2367759|51.5600741
4494235241,,,,,,,,,,,,,,,,,,,,,,,,,,,,,,,,,,,,,,,,,,,,,,,,,,,,,,,,,,,,,,,,,,,,,,,,,,,-0.2368524|51.5600838
4593644276,Phyllo Bakehouse,,,,,637A,,,Holloway Road,,,cafe,,,,,,,,,,,,,,,,,,,,,,,,,,,,,,,,,,,,,,,,,,,,,,,,,,,,,,,,,,,,,,,-0.1316428|51.564276
4603408818,at Sophie's,,,,,3,,,Cat Hill,,,cafe,,,,,,,,,,,,,,,,,,,,,,,,,,,,,,,,,,,,,,,,,,,,,,,,,,,,,,,,,,,,,,,-0.1623662|51.642995
4670675589,Mani's,,London,,,12,,NW3 1QS,Perrin's Court,,,cafe,,,,,,,,,,,,,,,,,,sandwich;breakfast,,,,yes,,,,,,,,,,,,,Mani's,,,,,,,,,,,,,,,,,,,,,,,,,,,,-0.1775216|51.5557562
4682056604,LLS Café Deli,,London,,,95-97,,NW3 6SS,Heath Street,,,cafe,,,,,,,,,,,,,,,,,,,,,,,,talktous@llscafe.com,,,,,,,,,,,,,,,Mo-Fr 07:00-18:00; Sa-Su 08:00-18:00,,,,,,,,+44 20 7794 8600,,,,,,,,,,,,,,https://www.llscafe.com/,,-0.1785543|51.5590788
4687770849,,,,,,,,,,,,,,,,,,,,,,,,,,,,,,,,,,,,,,,,,,,,,,,,,,,,,,,,,,,,,,,,,,,,,,,,,,,-0.1389262|51.5679526
4687770850,,,,,,,,,,,,,,,,,,,,,,,,,,,,,,,,,,,,,,,,,,,,,,,,,,,,,,,,,,,,,,,,,,,,,,,,,,,-0.1390048|51.5678991
4687770858,,,,,,,,,,,,,,,,,,,,,,,,,,,,,,,,,,,,,,,,,,,,,,,,,,,,,,,,,,,,,,,,,,,,,,,,,,,-0.1387204|51.5677366
4687770860,,,,,,,,,,,,,,,,,,,,,,,,,,,,,,,,,,,,,,,,,,,,,,,,,,,,,,,,,,,,,,,,,,,,,,,,,,,-0.1389564|51.5680179
4687770861,,,,,,,,,,,,,,,,,,,,,,,,,,,,,,,,,,,,,,,,,,,,,,,,,,,,,,,,,,,,,,,,,,,,,,,,,,,-0.1389146|51.5679948
4687770862,,,,,,,,,,,,,,,,,,,,,,,,,,,,,,,,,,,,,,,,,,,,,,,,,,,,,,,,,,,,,,,,,,,,,,,,,,,-0.1389535|51.5679676
4687770865,,,,,,,,,,,,,,,,,,,,,,,,,,,,,,,,,,,,,,,,,,,,,,,,,,,,,,,,,,,,,,,,,,,,,,,,,,,-0.1386228|51.5678018
4687770866,,,,,,,,,,,,,,,,,,,,,,,,,,,,,,,,,,,,,,,,,,,,,,,,,,,,,,,,,,,,,,,,,,,,,,,,,,,-0.1386568|51.5676999
4687770867,,,,,,,,,,,,,,,,,,,,,,,,,,,,,,,,,,,,,,,,,,,,,,,,,,,,,,,,,,,,,,,,,,,,,,,,,,,-0.1385661|51.5677604
4687847190,High Gate Cafe,,,,,,,,,,,cafe,,,,,,,,,,,,,,,,,,,,,,,,,,,,,,,,,,,,,,,,,,,,,,,,,,,,,,,,,,,,,,,-0.1458527|51.5769634
4687847197,Velvet,,,,,,,,,,,cafe,,,,,,,,,,,,,,,,,,,"""Coffee, Juice, Smoothies""",,,,,,,,,,,,,,,,,,,,,,,,,,,,,,,,,,,,,,,,,,,,-0.1463323|51.5771708
4687847198,Caffeé Eraldo,,,,,325,,,Archway Road,,,cafe,,,,,,,,,,,,,,,,,,italian,,,,,,,,,,,,,,,,,,,,,,,,,,,,,,,,,,,,,,,,,,,,,-0.1464087|51.5772083
4691593717,,,,,,,,,,,,,,,,,,,,,,,,,,,,,,,,,,,,,,,,,,,,,,,,,,,,,,,,,,,,,,,,,,,,,,,,,,,-0.1329512|51.5705678
4784703222,Finchley Kitchen,,London,,,323,,N3 1DP,Regent's Park Road,,,cafe,,,,,,,,,,,,,,,,,,,,,,,,,,,,,,,wlan,,,,Finchley Kitchen,,,,Mo-Su 08:30-23:00,,,,,,,,,,,,,,,,,,,,,,http://www.finchleykitchen.co.uk,,-0.1958981|51.5996879
4892992901,,,,,,,,,,,,,,,,,,,,,,,,,,,,,,,,,,,,,,,,,,,,,,,,,,,,,,,,,,,,,,,,,,,,,,,,,,,-0.1478297|51.5708007
4892992902,,,,,,,,,,,,,,,,,,,,,,,,,,,,,,,,,,,,,,,,,,,,,,,,,,,,,,,,,,,,,,,,,,,,,,,,,,,-0.1479202|51.5708173
4892992909,,,,,,,,,,,,,,,,,,,,,,,,,,,,,,,,,,,,,,,,,,,,,,,,,,,,,,,,,,,,,,,,,,,,,,,,,,,-0.1480751|51.5709486
4892992910,,,,,,,,,,,,,,,,,,,,,,,,,,,,,,,,,,,,,,,,,,,,,,,,,,,,,,,,,,,,,,,,,,,,,,,,,,,-0.1481516|51.5708757
4892992911,,,,,,,,,,,,,,,,,,,,,,,,,,,,,,,,,,,,,,,,,,,,,,,,,,,,,,,,,,,,,,,,,,,,,,,,,,,-0.1479999|51.5709288
4892992912,,,,,,,,,,,,,,,,,,,,,,,,,,,,,,,,,,,,,,,,,,,,,,,,,,,,,,,,,,,,,,,,,,,,,,,,,,,-0.1480399|51.5708511
4892992913,,,,,,,,,,,,,,,,,,,,,,,,,,,,,,,,,,,,,,,,,,,,,,,,,,,,,,,,,,,,,,,,,,,,,,,,,,,-0.1478811|51.5709042
4892992914,,,,,,,,,,,,,,,,,,,,,,,,,,,,,,,,,,,,,,,,,,,,,,,,,,,,,,,,,,,,,,,,,,,,,,,,,,,-0.147915|51.5708253
4892992916,,,,,,,,,,,,,,,,,,,,,,,,,,,,,,,,,,,,,,,,,,,,,,,,,,,,,,,,,,,,,,,,,,,,,,,,,,,-0.1477895|51.5708872
4892992917,,,,,,,,,,,,,,,,,,,,,,,,,,,,,,,,,,,,,,,,,,,,,,,,,,,,,,,,,,,,,,,,,,,,,,,,,,,-0.1478263|51.5708068
4947820292,Starbucks,,London,GB,,114,,N10 3RU,Muswell Hill Broadway,,,cafe,,,Starbucks,,Q37158,en:Starbucks,,,,,,,,,,,,coffee_shop,,,,,,,,,422626,,,,wlan,no,,,,,,,Mo-Fr 06:00-19:30; Sa 07:30-19:00; Su 07:30-18:00; PH 07:00-19:00,,,,,,,,,,,,,,,yes,,,,,,,https://www.starbucks.com/store-locator/store/2630/muswell-hill-broadway-114-muswell-hill-london-eng-n-10-3-ru-gb,,-0.1436418|51.5901772
4947820311,,,,,,,,,,,,,,,,,,,,,,,,,,,,,,,,,,,,,,,,,,,,,,,,,,,,,,,,,,,,,,,,,,,,,,,,,,,-0.1431856|51.5901758
4947820312,,,,,,,,,,,,,,,,,,,,,,,,,,,,,,,,,,,,,,,,,,,,,,,,,,,,,,,,,,,,,,,,,,,,,,,,,,,-0.1432324|51.5901973
4947820314,,,,,,,,,,,,,,,,,,,,,,,,,,,,,,,,,,,,,,,,,,,,,,,,,,,,,,,,,,,,,,,,,,,,,,,,,,,-0.1434151|51.5901706
4947820315,,,,,,,,,,,,,,,,,,,,,,,,,,,,,,,,,,,,,,,,,,,,,,,,,,,,,,,,,,,,,,,,,,,,,,,,,,,-0.1434677|51.5901311
4947820317,,,,,,,,,,,,,,,,,,,,,,,,,,,,,,,,,,,,,,,,,,,,,,,,,,,,,,,,,,,,,,,,,,,,,,,,,,,-0.1435759|51.5902531
4947820421,,,,,,,,,,,,,,,,,,,,,,,,,,,,,,,,,,,,,,,,,,,,,,,,,,,,,,,,,,,,,,,,,,,,,,,,,,,-0.1433035|51.5902297
4947820422,,,,,,,,,,,,,,,,,,,,,,,,,,,,,,,,,,,,,,,,,,,,,,,,,,,,,,,,,,,,,,,,,,,,,,,,,,,-0.1433766|51.590168
4947820423,,,,,,,,,,,,,,,,,,,,,,,,,,,,,,,,,,,,,,,,,,,,,,,,,,,,,,,,,,,,,,,,,,,,,,,,,,,-0.1435558|51.590271
4947820459,,,,,,,,,,,,,,,,,,,,,,,,,,,,,,,,,,,,,,,,,,,,,,,,,,,,,,,,,,,,,,,,,,,,,,,,,,,-0.1430723|51.5909428
4947820460,,,,,,,,,,,,,,,,,,,,,,,,,,,,,,,,,,,,,,,,,,,,,,,,,,,,,,,,,,,,,,,,,,,,,,,,,,,-0.1429087|51.5908641
4947820461,,,,,,,,,,,,,,,,,,,,,,,,,,,,,,,,,,,,,,,,,,,,,,,,,,,,,,,,,,,,,,,,,,,,,,,,,,,-0.1430139|51.5909771
4947820462,,,,,,,,,,,,,,,,,,,,,,,,,,,,,,,,,,,,,,,,,,,,,,,,,,,,,,,,,,,,,,,,,,,,,,,,,,,-0.1428381|51.5909015
4947820546,,,,,,,,,,,,,,,,,,,,,,,,,,,,,,,,,,,,,,,,,,,,,,,,,,,,,,,,,,,,,,,,,,,,,,,,,,,-0.1413476|51.5908716
4947820547,,,,,,,,,,,,,,,,,,,,,,,,,,,,,,,,,,,,,,,,,,,,,,,,,,,,,,,,,,,,,,,,,,,,,,,,,,,-0.1412996|51.5908602
4947820548,,,,,,,,,,,,,,,,,,,,,,,,,,,,,,,,,,,,,,,,,,,,,,,,,,,,,,,,,,,,,,,,,,,,,,,,,,,-0.1413313|51.5908086
4947820549,,,,,,,,,,,,,,,,,,,,,,,,,,,,,,,,,,,,,,,,,,,,,,,,,,,,,,,,,,,,,,,,,,,,,,,,,,,-0.1413793|51.59082
4976283882,,,,,,,,,,,,,,,,,,,,,,,,,,,,,,,,,,,,,,,,,,,,,,,,,,,,,,,,,,,,,,,,,,,,,,,,,,,-0.3035465|51.5986289
4976283883,,,,,,,,,,,,,,,,,,,,,,,,,,,,,,,,,,,,,,,,,,,,,,,,,,,,,,,,,,,,,,,,,,,,,,,,,,,-0.3034793|51.5985417
4976283884,,,,,,,,,,,,,,,,,,,,,,,,,,,,,,,,,,,,,,,,,,,,,,,,,,,,,,,,,,,,,,,,,,,,,,,,,,,-0.3033824|51.59857
4976283885,,,,,,,,,,,,,,,,,,,,,,,,,,,,,,,,,,,,,,,,,,,,,,,,,,,,,,,,,,,,,,,,,,,,,,,,,,,-0.3034457|51.5986572
5001535598,Little Dinosaurs,,,,,,,,,,,cafe,,,,,,,,,,,,,,,,,,,,,,,,,,,,,,,,,,,,,,,,,no,,,,,,,,,,,,,,,,,,,,,limited,-0.1379996|51.5912728
5060188827,,,,,,,,,,,,,,,,,,,,,,,,,,,,,,,,,,,,,,,,,,,,,,,,,,,,,,,,,,,,,,,,,,,,,,,,,,,-0.1405176|51.5632389
5060188828,,,,,,,,,,,,,,,,,,,,,,,,,,,,,,,,,,,,,,,,,,,,,,,,,,,,,,,,,,,,,,,,,,,,,,,,,,,-0.1404264|51.5632214
5060188829,,,,,,,,,,,,,,,,,,,,,,,,,,,,,,,,,,,,,,,,,,,,,,,,,,,,,,,,,,,,,,,,,,,,,,,,,,,-0.1403996|51.5632806
5060188830,,,,,,,,,,,,,,,,,,,,,,,,,,,,,,,,,,,,,,,,,,,,,,,,,,,,,,,,,,,,,,,,,,,,,,,,,,,-0.1404049|51.5632906
5060188831,,,,,,,,,,,,,,,,,,,,,,,,,,,,,,,,,,,,,,,,,,,,,,,,,,,,,,,,,,,,,,,,,,,,,,,,,,,-0.140531|51.5632723
5060211120,,,,,,,,,,,,,,,,,,,,,,,,,,,,,,,,,,,,,,,,,,,,,,,,,,,,,,,,,,,,,,,,,,,,,,,,,,,-0.1490316|51.5709625
5060213221,,,,,,,,,,,,,,,,,,,,,,,,,,,,,,,,,,,,,,,,,,,,,,,,,,,,,,,,,,,,,,,,,,,,,,,,,,,-0.1490852|51.5709025
5060213222,,,,,,,,,,,,,,,,,,,,,,,,,,,,,,,,,,,,,,,,,,,,,,,,,,,,,,,,,,,,,,,,,,,,,,,,,,,-0.149157|51.5709285
5060213223,,,,,,,,,,,,,,,,,,,,,,,,,,,,,,,,,,,,,,,,,,,,,,,,,,,,,,,,,,,,,,,,,,,,,,,,,,,-0.1491044|51.5709867
5109374021,Good Friends Cafe,,,,,,,,,,,cafe,,,,,,,,,,,,,,,,,,ice_cream;sandwich;coffee_shop;bagel;tea,,,,yes,,,,,,,,,,,,,,,,,,,,,,,,,,,,,,,,,,,,,,,,,-0.2964414|51.6128519
5188912376,Costa Express,,,,,,,,,,,cafe,,,Costa Express,,Q113556385,,,,,,,,,,,,,coffee_shop,,,,,,,,,,,,,,,,,,,,,,,,,,,,,,,,,,,,,,,,,,,,,-0.2298555|51.5846694
5204301129,Lola’s Cakes Sweets and Snacks,,,,,48,,,Glengall Road,,,cafe,,,,,,,,,,,,,,,,,,cake,,,,,,,,,,,,,,,,,,,,,,,,,,,,,,,,,,,,,,,,,,,,,-0.2689411|51.6262815
5216514538,,,,,,,,,,,,,,,,,,,,,,,,,,,,,,,,,,,,,,,,,,,,,,,,,,,,,,,,,,,,,,,,,,,,,,,,,,,-0.1432795|51.5901097
5216514539,,,,,,,,,,,,,,,,,,,,,,,,,,,,,,,,,,,,,,,,,,,,,,,,,,,,,,,,,,,,,,,,,,,,,,,,,,,-0.1433347|51.5900627
5283782505,Joe's Bake and Bite,,,,,,,,,,,cafe,,,,,,,,,,,2023-01-22,,,,,,,,,,,,,,,,,,,,,,0,,,,,,,,,,,,,,,,,,,,,yes,,,,,,,,,-0.2855415|51.5943848
5335022970,,,,,,,,,,,,,,,,,,,,,,,,,,,,,,,,,,,,,,,,,,,,,,,,,,,,,,,,,,,,,,,,,,,,,,,,,,,-0.1782606|51.6241268
5335022971,,,,,,,,,,,,,,,,,,,,,,,,,,,,,,,,,,,,,,,,,,,,,,,,,,,,,,,,,,,,,,,,,,,,,,,,,,,-0.1782032|51.6242095
5335022972,,,,,,,,,,,,,,,,,,,,,,,,,,,,,,,,,,,,,,,,,,,,,,,,,,,,,,,,,,,,,,,,,,,,,,,,,,,-0.1781459|51.6241942
5335022973,,,,,,,,,,,,,,,,,,,,,,,,,,,,,,,,,,,,,,,,,,,,,,,,,,,,,,,,,,,,,,,,,,,,,,,,,,,-0.1782032|51.6241115
5401946292,Khaby,,,,,,,,,,,cafe,,,,,,,,,,,,,,,,,,pakistani,,,,,,,,,,,,,,,,,,,,,,,,,,,,,+44 20 8450 0400,,,,,,,,,,,,,,,,-0.2142683|51.5572329
5401978030,Ecco'la,,Wembley,,,87-89,,HA9 8HF,Wembley Park Drive,,,cafe,,,,,,,,,,,,,,,,,,pizza,,,,,,,,,533345,,,,,,,,,,,,Mo-Sa 08:00-22:00; Su 09:00-18:00,,,,,,,,,,,,FHRS Open Data,,,,,,,,,,,,-0.2835202|51.5619784
5433811331,Mill & Brew,,,,,,,,,,,cafe,,,,,,,,,,,,,,,,,,,,,,,,,,,,,,,,,0,,,,,,,,,,yes,,,,,,outside,,,,,yes,yes,,,,,,,no,-0.2483147|51.614363
5527962352,Costa,,London,GB,,219,,NW9 6LP,Edgware Road,,,cafe,,,Costa,,Q608845,,,,,,,,,,,,,coffee_shop,,,,,,,,,769614,,,,,,,,,,,,,,,,,,,,,,,,,,,yes,,,,,,,,,-0.2521362|51.5877365
5528103401,Mosaic Mural Art,,,,,,,,,,,,mosaic,,,,,,,,,,,,,,,,,,,,,,,,,,,,,,,,,,,,,,,,,,,,,,,,,,,,,,,,,,artwork,,,,-0.1782334|51.6241196
5552343719,GAIL's,,London,,,21,,N6 6QX,Swain's Lane,,,cafe,,,GAIL's Bakery,,Q110662562,,,,,,,,,,,,,,,,,,,,,,,,,,,,,,,,,,"Mo-Fr 07:30-19:00, 08:00-19:00",,,,,,,,+44 20 8348 5293,bakery,,,,,,,,,,,,,https://gailsbread.co.uk,,-0.1494459|51.5620676
5577985238,Food for Thought,,,,,,,,High Street,,,cafe,,,,,,,,,,,,,,,,,,regional,,,,,,,,,,,,,,,,,,,,,We-Sa 07:00-23:00; Su 12:00-14:00,,,,,,,,+44 1981 550180,,,,,,,,,,,,,,,,-0.2772821|51.6087377
5654602952,,,,,,,,,,,,,,,,,,,,,,,,,,,,,,,,,,,,,,,,,,,,,,,,,,,,,,,,,,,,,,,,,,,,,,,,,,,-0.1743342|51.630028
5654602953,,,,,,,,,,,,,,,,,,,,,,,,,,,,,,,,,,,,,,,,,,,,,,,,,,,,,,,,,,,,,,,,,,,,,,,,,,,-0.1744521|51.6300004
5654602954,,,,,,,,,,,,,,,,,,,,,,,,,,,,,,,,,,,,,,,,,,,,,,,,,,,,,,,,,,,,,,,,,,,,,,,,,,,-0.1744359|51.629974
5654602955,,,,,,,,,,,,,,,,,,,,,,,,,,,,,,,,,,,,,,,,,,,,,,,,,,,,,,,,,,,,,,,,,,,,,,,,,,,-0.1744066|51.6299667
5749897909,Baw,,,,,,,,,,,cafe,,,,,,,,,,,,,,,,,,asian,,,,,,,,,,,,,,,,,,,,,,,,,,,,,,,,,,,,yes,,,,,,,,,-0.246083|51.6151844
5749897918,Brewed+Pressed,,,,,,,,,,,cafe,,,,,,,,,,,,,,,,,,,,,,,,,,,,,,,,,,,,,,,,,,,,,,,,,,,,,,,,,,,,,,,-0.2454451|51.6156301
5749897919,Costa,,London,,,19,,NW7 3LN,The Broadway,,,cafe,,,Costa,,Q608845,,,,,,,,,,,,,coffee_shop,,,,,,,,,757555,,,yes,wlan,no,0,,,,,,,,,,yes,,,,,,no,,,,,yes,yes,,,,,,,,-0.2486269|51.614264
5762034693,Café Broadway,,,,,,,,,,,cafe,,,,,,,,,,,,,,,,,,,,,,,,,,,,,,,,,,,,,,,,,,,,,,,,,,,,,,,,,,,,,,,-0.2477929|51.6143024
5762034708,Leyla,,,,,,,,,,,cafe,,,,,,,,,,,,,,,,,,,,,,,,,,,,,,,,,,,,,,,,,,,yes,,,,,,,,,,,,,,,,,,,,-0.2466322|51.6147496
5762034724,Eats & Bits,,,,,,,,,,,cafe,,,,,,,,,,,,,,,,,,,,,,,,,,,,,,,,,,,,,,,,,,,,,,,,,,,,,,,,,,,,,,,-0.2641842|51.6026303
5794095517,,,,,,,,,,,,,,,,,,,,,,,,,,,,,,,,,,,,,main,,,,,,,,,,,,,,,,,,,,,,,,,,,,,,,,,,,,,,-0.1435609|51.5902604
6221579186,Parliament Hill Cafe,,,,,,,,,,,cafe,,,,,,,,,,,,,,,,,,,,,,,,,,,,,,,,,0,,,,,,,,,,yes,,,,,,,,,,,,,,,,,,,,-0.1527644|51.5593011
6223239685,Mill Hill Park Cafe,,,,,,,,,,,cafe,,,,,,,,,,,,,,,,,,,,,,,,,,,,,,,,,,,,,,,,,,,,,,,,,,,,,,,,,,,,,,,-0.2392938|51.614163
6432835533,Regents cafe,,,,,,,,,,,cafe,,,,,,,,,,,,,,,,,,,,,,,,,,,,,,,,,,,,,,,,,,,,,,,,,,,,,,,,,,,,,,,-0.1990313|51.5947185
6439913487,Tintico,,London,,,2-4,,N3 2RY,Station Road,,,cafe,,,,,,,,,,,,,,,,,,bagel;coffee_shop,,,,,,,,,,,,,wlan,,,,,,,,"Mo-Fr 07:30-17:00; Sa,Su 08:30-17:00",,,,no,,,,,,,,,,,,,,,,,,,,-0.1936968|51.6011274
6742420372,Gospel Coffee,,,,Platform 3,,,,,,,cafe,,,,,,,,,,,,,,,,,,,,,,,,,,,,,,,,,,,,,,,,,,,,,,,,,,,,,,,,,,,,,,,-0.1518008|51.5556232
6766517285,Bonjour Cafe-Bakery,,London,,,"78,80",,NW4 2ES,Brent Street,,,cafe,,,,,,,,,,,,,,,,,,,,,,,,,,,,,,,,,,,,,,,Mo-Su 06:00-19:00,,,,,,,,+44 20 8203 8848,,,,,,,,,,,,,,https://bonjour.edan.io/,,-0.2192336|51.5850891
6831698594,The Open Door Centre & Cafe,,,,,,,,St Albans Road,,,cafe,,,,,,,,,,,,,,,,,,,Community Centre & Café,,,,,,,,,,,,,,,,,,,,Tu-Fr 09:00-16:00,,,,,,,,,,,,,,,,,,,,,,,,-0.2042809|51.6584597
6835321622,Patisserie Joie De Vie,,,,,96,,EN5 5SN,High Street,,,cafe,,,,,,,,,,,,,https://www.facebook.com/pages/Patisserie-Joie-De-Vie/293918760732447,,,,,,French Patisserie also serving lunch.,,,,,,,,778257,,,,,,,,,,,,Mo-Su 08:00-18:30,,,,,,,,+44 20 3441 4720,,,,,,,,,,,,,,,,-0.2012398|51.6536317
6910254551,,,,,,,,,,,,,,,,,,,,,,,,,,,,,,,,,,,,,,,,,,,,,,,,,,,,,,,,,,,,,,,,,,,,,,,,,,,-0.1516647|51.5566632
6910254552,,,,,,,,,,,,,,,,,,,,,,,,,,,,,,,,,,,,,,,,,,,,,,,,,,,,,,,,,,,,,,,,,,,,,,,,,,,-0.1514461|51.5567553
6910254557,,,,,,,,,,,,,,,,,,,,,,,,,,,,,,,,,,,,,yes,,,,,,,,,,,,,,,,,,,,,,,,,,,,,,,,,,,,,,-0.1514943|51.5566544
6910254558,,,,,,,,,,,,,,,,,,,,,,,,,,,,,,,,,,,,,yes,,,,,,,,,,,,,,,,,,,,,,,,,,,,,,,,,,,,,,-0.1515507|51.5567113
6935932266,M's Place,,,,,,,,,,,cafe,,,,,,,,,,,,,,,,,,,,,,,,,,,,,,,,,,,,,,,,,,,,,,,,,,,,,,,,,,,,,,,-0.1769677|51.6155845
6953676902,Cafe Melange,,,,,,,,,,,cafe,,,,,,,,,,,,,,,,,,,,,,,,,,,,,,,,,,,,,,,,,,,,,,,,,,,,,,,,,,,,,,,-0.1771545|51.6136597
7062987252,,,,,,,,,,,,,,,,,,,,,,,,,,,,,,,,,,,,,,,,,,,,,,,,,,,,,,,,,,,,,,,,,,,,,,,,,,,-0.1296117|51.5830982
7062987253,,,,,,,,,,,,,,,,,,,,,,,,,,,,,,,,,,,,,,,,,,,,,,,,,,,,,,,,,,,,,,,,,,,,,,,,,,,-0.1295515|51.5831166
7062987254,,,,,,,,,,,,,,,,,,,,,,,,,,,,,,,,,,,,,,,,,,,,,,,,,,,,,,,,,,,,,,,,,,,,,,,,,,,-0.1296077|51.5831875
7062987255,,,,,,,,,,,,,,,,,,,,,,,,,,,,,,,,,,,,,,,,,,,,,,,,,,,,,,,,,,,,,,,,,,,,,,,,,,,-0.129668|51.5831691
7179662241,Costa,,London Borough of Barnet,,,146-148,,HA8 0AX,Burnt Oak Broadway,,,cafe,,,Costa,,Q608845,en:Costa Coffee,,,,,,,,,,,,coffee_shop,,,,,,,,,756533,,,,,,,,,,,,,,,,yes,,,,,,,,,,,yes,,,,,,,,,-0.2682916|51.6015927
7593018901,,,,,,,,,,,,,,,,,,,,,,,,,,,,,,,,,,,,,,,,,,,,,,,,,,,,,,,,,,,,,,,,,,,,,,,,,,,-0.1355281|51.5644427
7615709572,Starbucks,,Borehamwood,,,Unit 1,Shenley Road,WD6 1AE,Keystone Passage,,,cafe,,,Starbucks,,Q37158,en:Starbucks,,,,,,,,,,,,coffee_shop,,,yes,yes,,,,,445886,,,yes,,,,,,,Starbucks Coffee,,"Mo-Fr 06:30-19:00; Sa,Su 07:00-19:00",,,,yes,,,,,,,,,,,yes,,,,,,,https://www.starbucks.com/store-locator/store/1015173/borehamwood-shopping-park-unit-12-tiger-borehamwood-shopping-park-london-eng,yes,-0.2765909|51.655599
7840071727,The Place,,,,,,,,,,,cafe,,,,,,,,,,,,,,,,,,,,,,,,,,,,,,,,,,,,,,,,,,,,,,,,,,,,,,,,,,,,,,,-0.1724899|51.6120879
7982688110,Costa,,London,GB,,47A,,N14 5BP,Chase Side,,,cafe,,,Costa,,Q608845,en:Costa Coffee,,,,,,,,,,,,coffee_shop,,,,,,,,,866204,,,,,,,,,,,,,,,,,,,,,,,,,,,yes,,,,,,,,,-0.1301133|51.6329835
8011454994,,,,,,,,,,,,,,,,,,,,,,,,,,,,,,,,,,,,,,,,,,,,,,,,,,,,,,,,,,,,,,,,,,,,,,,,,,,-0.1465507|51.5561998
8034188963,,,,,,,,,,,,,,,,,,,,,,,,,,,,,,,,,,,,,,,,,,,,,,,,,,,,,,,,,,,,,,,,,,,,,,,,,,,-0.1510358|51.6363682
8034188964,,,,,,,,,,,,,,,,,,,,,,,,,,,,,,,,,,,,,,,,,,,,,,,,,,,,,,,,,,,,,,,,,,,,,,,,,,,-0.1509294|51.6364326
8034188965,,,,,,,,,,,,,,,,,,,,,,,,,,,,,,,,,,,,,,,,,,,,,,,,,,,,,,,,,,,,,,,,,,,,,,,,,,,-0.1511704|51.6365859
8034188966,,,,,,,,,,,,,,,,,,,,,,,,,,,,,,,,,,,,,,,,,,,,,,,,,,,,,,,,,,,,,,,,,,,,,,,,,,,-0.1512767|51.6365215
8044130967,Délisino,,,,,,,,,,,cafe,,,,,,,,,,,,,,,,,,,,,,,,,,,,,,,,,,,,,,,,,,,,,,,,,,,,,,,,,,,,,,,-0.1341192|51.6345093
8044153213,Costa,,,,Station Parade,,,EN4 0DW,Cockfosters Road,16-17,,cafe,,,,,Q608845,,,,,,,,,,,,,,,,,,,,,,865485,,,,,,,,,,,,,,,,,,,,,,,,,,,,,,,,,,,,-0.1473739|51.6484872
8094817705,Harmony,,London,,,125,,N10 1HD,Colney Hatch Lane,,,cafe,,,,,,,,,,,,,,,,,,,,,,,,,,,1670908,,,,,,,,,,,,,,,,,,,,,,,,,,,,,,,,,,https://www.harmony-n10.com,,-0.148139|51.6007821
8221131810,,,,,,,,,,,,,,,,,,,,,,,,,,,,,,,,,,,,,,,,,,,,,,,,,,,,,,,,,,,,,,,,,,,,,,,,,,,-0.1329284|51.5705903
8503935139,,,,,,,,,,,,,,,,,,,,,,,,,,,,,,,,,,,,,,,,,,,,,,,,,,,,,,,,,,,,,,,,,,,,,,,,,,,-0.1432022|51.5901618
8687620814,Nkora,,Barnet,,The Spires Shopping Centre,,,EN5 5XY,,,,cafe,,,,,,,,,,,,,,,,,,coffee_shop,,,,,,,,,1366693,,,,,,,,,,,,Mo-Sa 07:00-18:00; Su 08:00-17:00,,,,yes,,,,,,,,,,,yes,,,,,,,nkora.co.uk,,-0.202023|51.6553402
8734279540,Holybella,,London,,,860,,N12 9RH,High Road,,,cafe,,,,,,,,,,,,,,holybella_london,,,,,,,yes,yes,,,,,1256937,,,,,,,,,,,,Mo-Fr 07:30-17:00; Sa-Su 08:00-17:00,,,,yes,,,,,,,,,,,,yes,customers,,,,,https://www.holybella.com,,-0.176466|51.6184246
8745072224,Dandie dog cafe,,,,,104,,,Heath Street,,,cafe,,,,,,,,,,,,,,,,,,,,,,,,,,,,,,,,,,,,,,,,,,,,,,,,,,,,,,,,,,,,,,,-0.1783609|51.5588357
8796525122,,,,,,,,,,,,,,,,,,,,,,,,,,,,,,,,,,,,,,,,,,,,,,,,,,,,,,,,,,,,,,,,,,,,,,,,,,,-0.1496472|51.5921882
8796525123,,,,,,,,,,,,,,,,,,,,,,,,,,,,,,,,,,,,,,,,,,,,,,,,,,,,,,,,,,,,,,,,,,,,,,,,,,,-0.1497297|51.5921777
8840395094,,,,,,,,,,,,,,,,,,,,,,,,,,,,,,,,,,,,,,,,,,,,,,,,,,,,,,,,,,,,,,,,,,,,,,,,,,,-0.1432559|51.6107995
8840395097,,,,,,,,,,,,,,,,,,,,,,,,,,,,,,,,,,,,,,,,,,,,,,,,,,,,,,,,,,,,,,,,,,,,,,,,,,,-0.1433656|51.6108877
8870623788,Persia Iranian Cuisine,,London,,,2,,NW11 7PH,North End Road,,,cafe,,,,,,,,,,,,,,,,,,persian,,,,,,,,,,,,,,,,,,,,,,,,,,,,,,,,,,,,,,,,,,,,,-0.1947527|51.5715192
8888964626,Bar Linda,,,,,,,,,,,cafe,,,,,,,,,,,,,,,,,,,,,,,,,,,,,,,,,,,,,,,,,,,,,,,,,,,,,,,,,,,,,,,-0.1950372|51.572052
8941372334,Brick Lane Bagel Co.,,Borehamwood,,,3,Shenley Road,WD6 1AE,Keystone Passage,,,cafe,,,,,,,,,,,,,,,,,,,,,,,,,,,1439100,,,,,,,,,,,,Mo-Sa 08:00-17:00; Su 09:00-16:00,,,,,,,,,,,,FHRS Open Data,,,,,,,,,,,,-0.2769087|51.6558884
8945358084,,,,,,,,,,,,,,,,,,,,,,,,,,,,,,,,,,,,,,,,,,,,,,,,,,,,,,,,,,,,,,,,,,,,,,,,,,,-0.2574217|51.5979105
8945358085,,,,,,,,,,,,,,,,,,,,,,,,,,,,,,,,,,,,,,,,,,,,,,,,,,,,,,,,,,,,,,,,,,,,,,,,,,,-0.257509|51.5978152
8945358086,,,,,,,,,,,,,,,,,,,,,,,,,,,,,,,,,,,,,,,,,,,,,,,,,,,,,,,,,,,,,,,,,,,,,,,,,,,-0.257343|51.5977346
8945358087,,,,,,,,,,,,,,,,,,,,,,,,,,,,,,,,,,,,,,,,,,,,,,,,,,,,,,,,,,,,,,,,,,,,,,,,,,,-0.2572259|51.5976552
8945358088,,,,,,,,,,,,,,,,,,,,,,,,,,,,,,,,,,,,,,,,,,,,,,,,,,,,,,,,,,,,,,,,,,,,,,,,,,,-0.2570981|51.597523
8945358089,,,,,,,,,,,,,,,,,,,,,,,,,,,,,,,,,,,,,,,,,,,,,,,,,,,,,,,,,,,,,,,,,,,,,,,,,,,-0.2569236|51.5975613
9095696162,,,,,,,,,,,,,,,,,,,,,,,,,,,,,,,,,,,,,,,,,,,,,,,,,,,,,,,,,,,,,,,,,,,,,,,,,,,-0.1353342|51.5643611
9095696163,,,,,,,,,,,,,,,,,,,,,,,,,,,,,,,,,,,,,,,,,,,,,,,,,,,,,,,,,,,,,,,,,,,,,,,,,,,-0.1353221|51.5643752
9095696164,,,,,,,,,,,,,,,,,,,,,,,,,,,,,,,,,,,,,,,,,,,,,,,,,,,,,,,,,,,,,,,,,,,,,,,,,,,-0.1353329|51.5643852
9254700507,Costa,,Borehamwood,,Borehamwood Shopping Park,,,WD6 4PR,Theobald Street,Unit 6E,,cafe,,,Costa,,Q608845,en:Costa Coffee,,,,,,,,,,,,coffee_shop,,,,,,,,,429442,,,,,,,,,,,,"Mo-Fr 07:30-17:30; Sa,Su 08:30-17:00",,,,,,,,,,,,,,,yes,,,,,,,,,-0.2772128|51.6565423
9415682163,,,,,,,,,,,,,,,,,,,,,,,,,,,,,,,,,,,,,,,,,,,,,,,,,,,,,,,,,,,,,,,,,,,,,,,,,,,-0.1628178|51.6115257
9419265998,Hatch Cafe & Gelateria,,London,,,,,N10 1HD,Colney Hatch Lane,,,cafe,,,,,,,,,,,,,,,,,,,,,,,,,,,,,,,,,,,,,,,,,,,,,,,,,,,,,,,,,,,,,,,-0.1481302|51.6007291
9424158198,,,,,,,,,,,,,,,,,,,,,,,,,,,,,,,,,,,,,,,,,,,,,,,,,,,,,,,,,,,,,,,,,,,,,,,,,,,-0.1784991|51.6303824
9424158199,,,,,,,,,,,,,,,,,,,,,,,,,,,,,,,,,,,,,,,,,,,,,,,,,,,,,,,,,,,,,,,,,,,,,,,,,,,-0.1785223|51.6302009
9424158203,,,,,,,,,,,,,,,,,,,,,,,,,,,,,,,,,,,,,,,,,,,,,,,,,,,,,,,,,,,,,,,,,,,,,,,,,,,-0.1785629|51.6303856
9424158205,,,,,,,,,,,,,,,,,,,,,,,,,,,,,,,,,,,,,,,,,,,,,,,,,,,,,,,,,,,,,,,,,,,,,,,,,,,-0.1780928|51.6303191
9424158208,,,,,,,,,,,,,,,,,,,,,,,,,,,,,,,,,,,,,,,,,,,,,,,,,,,,,,,,,,,,,,,,,,,,,,,,,,,-0.1781633|51.6303225
9434227172,,,,,,,,,,,,cafe,,,,,,,,,,,,,,,,,,,,,,,,,,,,,,,,,,,,,,,,,,,,,,,,,,,,,,,,,,,,,,,-0.2306639|51.5886246
9434227173,,,,,,,,,,,,cafe,,,,,,,,,,,,,,,,,,,,,,,,,,,,,,,,,,,,,,,,,,,,,,,,,,,,,,,,,,,,,,,-0.2289956|51.5897762
9434227174,,,,,,,,,,,,cafe,,,,,,,,,,,,,,,,,,,,,,,,,,,,,,,,,,,,,,,,,,,,,,,,,,,,,,,,,,,,,,,-0.23091|51.5901745
9434227175,,,,,,,,,,,,cafe,,,,,,,,,,,,,,,,,,,,,,,,,,,,,,,,,,,,,,,,,,,,,,,,,,,,,,,,,,,,,,,-0.2299103|51.5904331
9448290998,Cafe Gospoda,,London,,,71,,N10 1LR,Colney Hatch Lane,,,cafe,,,,,,,,,,,,,,,,,,,,,,,,,,,1175631,,,,,,,,,,,,Mo-Fr 07:00-17:00; Sa 08:00-17:00; Su 10:00-16:00,,,,yes,,,,,,,,,,,,,,,,,,,yes,-0.1472863|51.5992287
9448320619,Exotic Cafe Bar,,London,,,85,,N10 1LR,Colney Hatch Lane,,,cafe,,,,,,,,,,,,,,,,,,,,,,,,,,,,,,,,,,,,,,,,,,,,,,,,,,,,,,,,,,,,,,,-0.1476107|51.5996946
9460260408,North & Ten,,London,,,123,,N10 3HS,Muswell Hill Road,,,cafe,,,,,,,,,,,,,,,,,,,,,,,,,,,918805,,,yes,,,,,,,,,"Mo-Fr 07:30-16:00; Sa,Su 08:00-16:30",,,,yes,,,,,,,,,,,yes,,,,,,,,,-0.1457495|51.5895824
9496462981,,,,,,,,,,,,,,,,,,,,,,,,,,,,,,,,,,,hinged,,yes,,,,,,,,,,,,,,,,,,,,,,,,,,,,,,,,,,,,,,-0.1433993|51.6108716
9496462982,,,,,,,,,,,,,,,,,,,,,,,,,,,,,,,,,,,hinged,,yes,,,,,,,,,,,,,,,,,,,,,,,,,,,,,,,,,,,,,,-0.1432681|51.6108093
9496462983,,,,,,,,,,,,,,,,,,,,,,,,,,,,,,,,,,,,,,,,,,,,,,,,,,,,,,,,,,,,,,,,,,,,,,,,,,,-0.1435543|51.6107972
9496462984,,,,,,,,,,,,,,,,,,,,,,,,,,,,,,,,,,,,,,,,,,,,,,,,,,,,,,,,,,,,,,,,,,,,,,,,,,,-0.1434446|51.610709
9517032251,Moonlight Cafe,,London,,,231,,N19 5AA,Brecknock Road,,,cafe,,,,,,,,,,,,,,,,,,british,,,,,,,,,423869,,,,,,,,,,,,Mo-Sa 06:00-18:00; Su 08:00-18:00,,,,,,,,,,,,,,,,,,,,,,,,-0.1382318|51.5564726
9527155793,The Cookie,,London,,,123,,N14 4UT,Bramley Road,,,cafe,,,,,,,,,,,,,,,,,,sandwich;coffee_shop,,,,,,,,,,,,,,,,,,,,,Mo-Fr 07:30-17:00; Sa 08:30-15:00,,,,,,,,,,,,,,,,,,,,,,,,-0.1321579|51.647424
9537627923,,,,,,,,,,,,,,,,,,,,,,,,,,,,,,,,,,,,,,,,,,,,,,,,,,,,,,,,,,,,,,,,,,,,,,,,,,,-0.1423413|51.5915994
9537627924,,,,,,,,,,,,,,,,,,,,,,,,,,,,,,,,,,,,,,,,,,,,,,,,,,,,,,,,,,,,,,,,,,,,,,,,,,,-0.1423107|51.5915689
9537810580,,,,,,,,,,,,,,,,,,,,,,,,,,,,,,,,,,,,,,,,,,,,,,,,,,,,,,,,,,,,,,,,,,,,,,,,,,,-0.1445992|51.5899927
9537810583,,,,,,,,,,,,,,,,,,,,,,,,,,,,,,,,,,,,,,,,,,,,,,,,,,,,,,,,,,,,,,,,,,,,,,,,,,,-0.1444644|51.589915
9537810593,,,,,,,,,,,,,,,,,,,,,,,,,,,,,,,,,,,,,,,,,,,,,,,,,,,,,,,,,,,,,,,,,,,,,,,,,,,-0.1449519|51.5897953
9537810594,,,,,,,,,,,,,,,,,,,,,,,,,,,,,,,,,,,,,,,,,,,,,,,,,,,,,,,,,,,,,,,,,,,,,,,,,,,-0.1448889|51.5896807
9537810595,,,,,,,,,,,,,,,,,,,,,,,,,,,,,,,,,,,,,,,,,,,,,,,,,,,,,,,,,,,,,,,,,,,,,,,,,,,-0.1448963|51.5898099
9537810596,,,,,,,,,,,,,,,,,,,,,,,,,,,,,,,,,,,,,,,,,,,,,,,,,,,,,,,,,,,,,,,,,,,,,,,,,,,-0.144783|51.5897136
9537810597,,,,,,,,,,,,,,,,,,,,,,,,,,,,,,,,,,,,,,,,,,,,,,,,,,,,,,,,,,,,,,,,,,,,,,,,,,,-0.1448289|51.5898421
9537810598,,,,,,,,,,,,,,,,,,,,,,,,,,,,,,,,,,,,,,,,,,,,,,,,,,,,,,,,,,,,,,,,,,,,,,,,,,,-0.1446976|51.5897634
9537810600,,,,,,,,,,,,,,,,,,,,,,,,,,,,,,,,,,,,,,,,,,,,,,,,,,,,,,,,,,,,,,,,,,,,,,,,,,,-0.1446553|51.5899539
9537810601,,,,,,,,,,,,,,,,,,,,,,,,,,,,,,,,,,,,,,,,,,,,,,,,,,,,,,,,,,,,,,,,,,,,,,,,,,,-0.1445208|51.5898773
9538668535,,,,,,,,,,,,,,,,,,,,,,,,,,,,,,,,,,,,,,,,,,,,,,,,,,,,,,,,,,,,,,,,,,,,,,,,,,,-0.1330623|51.5705107
9538668536,,,,,,,,,,,,,,,,,,,,,,,,,,,,,,,,,,,,,,,,,,,,,,,,,,,,,,,,,,,,,,,,,,,,,,,,,,,-0.1329412|51.5705576
9538668537,,,,,,,,,,,,,,,,,,,,,,,,,,,,,,,,,,,,,,,,,,,,,,,,,,,,,,,,,,,,,,,,,,,,,,,,,,,-0.1331178|51.5705448
9538668538,,,,,,,,,,,,,,,,,,,,,,,,,,,,,,,,,,,,,,,,,,,,,,,,,,,,,,,,,,,,,,,,,,,,,,,,,,,-0.1329442|51.5706087
9538668540,,,,,,,,,,,,,,,,,,,,,,,,,,,,,,,,,,,,,,,,,,,,,,,,,,,,,,,,,,,,,,,,,,,,,,,,,,,-0.1329464|51.570584
9543008858,Paddy Cakes,,London,,,129,,NW5 2HR,Fortess Road,,,cafe,,,,,,,,,,,,,,,,,,cake,,,,,,,,,1398305,,,,,,,,,,,,,,,,,,,,,,,,,,,,,,,,,,https://www.paddycakes.uk/,,-0.1392984|51.5558975
9559097379,,,,,,,,,,,,,,,,,,,,,,,,,,,,,,,,,,,,,,,,,,,,,,,,,,,,,,,,,,,,,,,,,,,,,,,,,,,-0.1387318|51.5982459
9559097380,,,,,,,,,,,,,,,,,,,,,,,,,,,,,,,,,,,,,,,,,,,,,,,,,,,,,,,,,,,,,,,,,,,,,,,,,,,-0.1388263|51.5983692
9559097383,,,,,,,,,,,,,,,,,,,,,,,,,,,,,,,,,,,,,,,,,,,,,,,,,,,,,,,,,,,,,,,,,,,,,,,,,,,-0.138811|51.5982224
9559097384,,,,,,,,,,,,,,,,,,,,,,,,,,,,,,,,,,,,,,,,,,,,,,,,,,,,,,,,,,,,,,,,,,,,,,,,,,,-0.1389056|51.5983457
9565981145,,,,,,,,,,,,,,,,,,,,,,,,,,,,,,,,,,,,,,,,,,,,,,,,,,,,,,,,,,,,,,,,,,,,,,,,,,,-0.1627846|51.6113871
9573479766,,,,,,,,,,,,,,,,,,,,,,,,,,,,,,,,,,,,,,,,,,,,,,,,,,,,,,,,,,,,,,,,,,,,,,,,,,,-0.1457962|51.5901475
9573479767,,,,,,,,,,,,,,,,,,,,,,,,,,,,,,,,,,,,,,,,,,,,,,,,,,,,,,,,,,,,,,,,,,,,,,,,,,,-0.1459462|51.5900199
9573479768,,,,,,,,,,,,,,,,,,,,,,,,,,,,,,,,,,,,,,,,,,,,,,,,,,,,,,,,,,,,,,,,,,,,,,,,,,,-0.1458701|51.5901811
9573479769,,,,,,,,,,,,,,,,,,,,,,,,,,,,,,,,,,,,,,,,,,,,,,,,,,,,,,,,,,,,,,,,,,,,,,,,,,,-0.1460201|51.5900535
9573479770,,,,,,,,,,,,,,,,,,,,,,,,,,,,,,,,,,,,,,,,,,,,,,,,,,,,,,,,,,,,,,,,,,,,,,,,,,,-0.1459441|51.5902147
9573479771,,,,,,,,,,,,,,,,,,,,,,,,,,,,,,,,,,,,,,,,,,,,,,,,,,,,,,,,,,,,,,,,,,,,,,,,,,,-0.1460941|51.5900871
9573479772,,,,,,,,,,,,,,,,,,,,,,,,,,,,,,,,,,,,,,,,,,,,,,,,,,,,,,,,,,,,,,,,,,,,,,,,,,,-0.1460181|51.5902482
9573479773,,,,,,,,,,,,,,,,,,,,,,,,,,,,,,,,,,,,,,,,,,,,,,,,,,,,,,,,,,,,,,,,,,,,,,,,,,,-0.1461681|51.5901206
9573479774,,,,,,,,,,,,,,,,,,,,,,,,,,,,,,,,,,,,,,,,,,,,,,,,,,,,,,,,,,,,,,,,,,,,,,,,,,,-0.1460921|51.5902818
9573479775,,,,,,,,,,,,,,,,,,,,,,,,,,,,,,,,,,,,,,,,,,,,,,,,,,,,,,,,,,,,,,,,,,,,,,,,,,,-0.1462421|51.5901542
9573592775,,,,,,,,,,,,,,,,,,,,,,,,,,,,,,,,,,,,,,,,,,,,,,,,,,,,,,,,,,,,,,,,,,,,,,,,,,,-0.1471164|51.5902173
9573592777,,,,,,,,,,,,,,,,,,,,,,,,,,,,,,,,,,,,,,,,,,,,,,,,,,,,,,,,,,,,,,,,,,,,,,,,,,,-0.1470831|51.5902023
9573592778,,,,,,,,,,,,,,,,,,,,,,,,,,,,,,,,,,,,,,,,,,,,,,,,,,,,,,,,,,,,,,,,,,,,,,,,,,,-0.1470075|51.5902672
9573592779,,,,,,,,,,,,,,,,,,,,,,,,,,,,,,,,,,,,,,,,,,,,,,,,,,,,,,,,,,,,,,,,,,,,,,,,,,,-0.1470409|51.5902822
9573592800,,,,,,,,,,,,,,,,,,,,,,,,,,,,,,,,,,,,,,,,,,,,,,,,,,,,,,,,,,,,,,,,,,,,,,,,,,,-0.1462756|51.5898259
9573592801,,,,,,,,,,,,,,,,,,,,,,,,,,,,,,,,,,,,,,,,,,,,,,,,,,,,,,,,,,,,,,,,,,,,,,,,,,,-0.1461774|51.5899118
9573592815,,,,,,,,,,,,,,,,,,,,,,,,,,,,,,,,,,,,,,,,,,,,,,,,,,,,,,,,,,,,,,,,,,,,,,,,,,,-0.146117|51.589827
9573592816,,,,,,,,,,,,,,,,,,,,,,,,,,,,,,,,,,,,,,,,,,,,,,,,,,,,,,,,,,,,,,,,,,,,,,,,,,,-0.1460736|51.5898659
9666507414,Costa,,London,,,128,,NW9 4AX,Colindale Avenue,,,cafe,,,Costa,,Q608845,en:Costa Coffee,,,,,,,,,,,,coffee_shop,,,,,,,,,1059071,,,yes,,,,,,,,,,,,,yes,,,,,,,,,,,yes,,,,,,,,,-0.2505865|51.5946567
9692858251,,,,,,,,,,,,,,,,,,,,,,,,,,,,,,,,,,,,,,,,,,,,,,,,,,,,,,,,,,,,,,,,,,,,,,,,,,,-0.1435058|51.5902433
9692858252,,,,,,,,,,,,,,,,,,,,,,,,,,,,,,,,,,,,,,,,,,,,,,,,,,,,,,,,,,,,,,,,,,,,,,,,,,,-0.1435162|51.590235
9749572072,,,,,,,,,,,,,,,,,,,,,,,,,,,,,,,,,,,,,,,,,,,,,,,,,,,,,,,,,,,,,,,,,,,,,,,,,,,-0.1336218|51.5873306
9749572073,,,,,,,,,,,,,,,,,,,,,,,,,,,,,,,,,,,,,,,,,,,,,,,,,,,,,,,,,,,,,,,,,,,,,,,,,,,-0.1335181|51.5872699
9749572074,,,,,,,,,,,,,,,,,,,,,,,,,,,,,,,,,,,,,,,,,,,,,,,,,,,,,,,,,,,,,,,,,,,,,,,,,,,-0.1335301|51.5872629
9749572075,,,,,,,,,,,,,,,,,,,,,,,,,,,,,,,,,,,,,,,,,,,,,,,,,,,,,,,,,,,,,,,,,,,,,,,,,,,-0.1335143|51.5872531
9749738982,,,,,,,,,,,,,,,,,,,,,,,,,,,,,,,,,,,,,,,,,,,,,,,,,,,,,,,,,,,,,,,,,,,,,,,,,,,-0.1336668|51.5872763
9749738983,,,,,,,,,,,,,,,,,,,,,,,,,,,,,,,,,,,,,,,,,,,,,,,,,,,,,,,,,,,,,,,,,,,,,,,,,,,-0.1335319|51.5872305
9812333926,Caffè Nero,,,,,,,,,,,cafe,,,Caffè Nero,,Q675808,,,,,,,,,,,,https://caffenero.com/uk/store/hampstead-5/,coffee_shop,,,,,,,,,,,,,,,,,,,,,,,,,yes,,,,,,,,,,,yes,,,,,,,,no,-0.1744376|51.5554299
9839605794,The Big Chefs,,,,,,,,,,,cafe,,,,,,,,,,,,,,,,,,,,,,,,,,,,,,,,,,,,,,,,,,,,,,,,,,,,,,,,,,,,,,,-0.1320304|51.6475271
9890707617,,,,,,,,,,,,,,,,,,,,,,,,,,,,,,,,,,,,,,,,,,,,,,,,,,,,,,,,,,,,,,,,,,,,,,,,,,,-0.1463376|51.6153249
9890707618,,,,,,,,,,,,,,,,,,,,,,,,,,,,,,,,,,,,,,,,,,,,,,,,,,,,,,,,,,,,,,,,,,,,,,,,,,,-0.1462819|51.6152449
9935461681,Alzo Cafe,,,,,,,,,,,cafe,,,,,,,,,,,,,,,,,,,,,,,,,,,1499420,,,yes,,,,,,,,,,,,,yes,,,,+44 20 8368 3531,,,,,,,,yes,customers,,,,,https://alzocafe.com,,-0.1431259|51.6158227
9935695262,Frank's Cafe,,London,,,39,,N11 1ND,Friern Barnet Road,,,cafe,,,,,,,,,,,,,,,,,,,,,,,,,,,756879,,,,,,,,,,,,Mo-Sa 06:30-16:00; Su 08:30-15:00,,,,,,,,,,,,,,,,,,,,,,,,-0.1435306|51.6159758
9986053361,Roni's Bagel Bakery,,,,,,,,,,,cafe,,,,,,,,,,,,,,,,,,,,,,,,,,,,,,,,,,,,,,,,,,,,,,,,,,,,,,,,,,,,,,,-0.1506369|51.5616732
9999274827,Oak Tree Cafe,,,,,66,,,Chester Road,,,cafe,,,,,,,,,,,,,,,,,,,,,,,,,,,,,,,,,,,,,,,,,,,,,,,,,,,,,,,,,,,,,https://oak-tree-cafe.business.site/,,-0.1434278|51.5639211
10028871450,Costa,,London,GB,,624,,NW9 9HN,Kingsbury Road,,,cafe,,,Costa,,Q608845,,,,,,,,,,,,,coffee_shop,,,,,,,,,532237,,,,,,,,,,,,,,,,,,,,,,,,,,,yes,,,,,,,,,-0.2794084|51.5850791
10125212859,,,,,,,,,,,,,,,,,,,,,,,,,,,,,,,,,,,,,,,,,,,,,,,,,,,,,,,,,,,,,,,,,,,,,,,,,,,-0.1435047|51.5586214
10125212860,,,,,,,,,,,,,,,,,,,,,,,,,,,,,,,,,,,,,,,,,,,,,,,,,,,,,,,,,,,,,,,,,,,,,,,,,,,-0.143383|51.5586662
10125212861,,,,,,,,,,,,,,,,,,,,,,,,,,,,,,,,,,,,,,,,,,,,,,,,,,,,,,,,,,,,,,,,,,,,,,,,,,,-0.1434624|51.558577
10125212862,,,,,,,,,,,,,,,,,,,,,,,,,,,,,,,,,,,,,,,,,,,,,,,,,,,,,,,,,,,,,,,,,,,,,,,,,,,-0.1433407|51.5586218
10159674621,Cha Wan Jia,,,,,94,,EN5 5SN,High Street,,,cafe,,,,,,,,,,,,,,chawanjia_uk,,,,bubble_tea,,,,,,,,,1486296,,,,,,,,,,,,,,,,,,,,,,,,,,,,,,,,,,,,-0.2012019|51.6535828
10159949207,Huddle Cafe,,,,,224,,EN5 5SZ,High Street,,,cafe,,,,,,,,,,,,,,,,,,,,,,,,,,,1334062,,,,,,,,,,,,,,,,yes,,,,,,,,,,,,,,,,,,,,-0.2012475|51.6575065
10159949213,Nika,,,,,204,,EN5 5SZ,High Street,,,cafe,,,,,,,,,,,,,nikacafeandstore,,,,https://www.nikastore.co.uk,,,,,,,,,,1390280,,,,,,,,,,,,Mo-Su 09:00-17:00,,,,,,,,,,,,,,,,,,,,,,,,-0.2014619|51.6571114
10160043642,The Library Bar,,,,,143,,EN5 5UZ,High Street,,,cafe,,,,,,,,,,,,,TheLibraryBarBarnet,the_librarybar_,,librarybarnet1,https://the-library.co.uk/,,,,,,,,,,1515456,,,,,,,,,,,,,,,,,,,,,,,,,,,,,,,,,,,,-0.2021876|51.6562956
10160043643,Dory's,,,,,3,,EN5 4LN,St Albans Road,,,cafe,,,,,,,,,,,,,,,+44 20 8440 1954,,,,,,,,,,,,757150,,,,,,,,,,,,,,,,,,,,,,,,,,,,,,,,,,,,-0.202424|51.6564828
10160043646,Rise & Shine,,,,,,,EN5 5SY,,,,cafe,,,,,,,,,,,,,,,,,,,,,,,,,,,1413875,,,,,,,,,,,,Mo-Sa 07:00-17:00; Su 08:00-16:00,,,,yes,,,,,,,,,,,,,,,,,,,,-0.2019761|51.6566033
10167134620,Café Cairo,,,,,,,,,,,cafe,,,,,,,,,,,,,,,,,,,,,,,,,,,,,,no,,,,,,,,,,,,,no,,,,,,,,,,,,,,,,,,,,-0.1853498|51.6178552
10172071552,Coffee Bean,,,,,,,EN5 5XY,,,,cafe,,,,,,,,,,,,,,,,,,,,,,,,,,,757757,,,,,,,,,,,,,,,,yes,,,,,,,,,,,,,,,,,,,,-0.2033318|51.6556169
10172071575,Costa,,,,,,,EN5 5XY,,,,cafe,,,Costa,,Q608845,en:Costa Coffee,,,,,,,,,,,,coffee_shop,,,,,,,,,757516,,,,wlan,no,,,,,,,Mo-Sa 08:00-17:00; Su 10:00-16:00,,,,yes,,,,,,,,,,,,no,,,,,,,,-0.2025395|51.6553678
10178345675,,,,,,,,,,,,,,,,,,,,,,,,,,,,,,,,,,,,,,,,,,,,,,,,,,,,,,,,,,,,,,,,,,,,,,,,,,,-0.1497178|51.5921417
10178345676,,,,,,,,,,,,,,,,,,,,,,,,,,,,,,,,,,,,,,,,,,,,,,,,,,,,,,,,,,,,,,,,,,,,,,,,,,,-0.1496354|51.5921525
10207444399,Creams,,London,,,778,,N12 9QR,High Road,,,cafe,,,Creams,,Q111811895,,,,,,,,,,,,,ice_cream,,,,,,,,,1314514,,,,,,,,,,,,,,,,,,,,,,,,,,,,,,,,,,https://www.creamscafe.com/our-stores/north-finchley/,,-0.1765003|51.615837
10304413954,,,,,,,,,,,,,,,,,,,,,,,,,,,,,,,,,,,,,,,,,,,,,,,,,,,,,,,,,,,,,,,,,,,,,,,,,,,-0.1404222|51.5632881
10536523411,,,,,,,,,,,,,,,,,,,,,,,,,,,,,,,,,,,,,,,,,,,,,,,,,,,,,,,,,,,,,,,,,,,,,,,,,,,-0.1454795|51.5777599
10536523412,,,,,,,,,,,,,,,,,,,,,,,,,,,,,,,,,,,,,,,,,,,,,,,,,,,,,,,,,,,,,,,,,,,,,,,,,,,-0.1454872|51.5777089
10536523413,,,,,,,,,,,,,,,,,,,,,,,,,,,,,,,,,,,,,,,,,,,,,,,,,,,,,,,,,,,,,,,,,,,,,,,,,,,-0.1454487|51.5777482
10536523414,,,,,,,,,,,,,,,,,,,,,,,,,,,,,,,,,,,,,,,,,,,,,,,,,,,,,,,,,,,,,,,,,,,,,,,,,,,-0.145518|51.5777206
10559413177,Dr Hunger Cafe,,,,,,,,East End Road,,,cafe,,,,,,,,,,,,,,,,,,,,,,,,,,,,,,,,,,,,,,,,,,,,,,,,,,,,,,,,,,,,,,,-0.1790012|51.5916208
10559429455,Kings Cafe,,,,,,,,,,,cafe,,,,,,,,,,,,,,,,,,,,,,,,,,,,,,,,,,,,,,,Mo-Fr 06:30-15:00; Sa 06:30-14:00,,,,,,,,,,,,,,,,,,,,,,,,-0.1963565|51.6000251
10606975886,Kimura,,London,,,167,,N8 8NB,Priory Road,,,cafe,,,,,,,,,,,,,,,,,,sushi,,,,,,,,,875882,,,,,,,,,,,,,,,,,,,,,,,,,,,,,,,,,,http://www.kimurauk.com,,-0.1324788|51.5872265
10608670363,Blanche Bistro Cafe,,London,,,593,,N12 0DY,High Road,,,cafe,,,,,,,,,,,,,,,,,,,,,,,,,,,1575689,,,,,,,,,,,,,,,,yes,,,,,,,,,,,yes,,,,,,,,,-0.1754034|51.6084306
10608670369,Tinys Snack Bar,,London,,,589,,N12 0DY,High Road,,,cafe,,,,,,,,,,,,,,,,,,,,,,,,,,,1499549,,,,,,,,,,,,,,,,,,,,+44 20 8445 4386,,,,,,,,,,,,,,,,-0.1753914|51.6083228
10678662622,Enjoy Cafe,,London,,,,,N12 0EH,,,,cafe,,,,,,,,,,,,,,,,,,,,,,,,,,,758091,,,,,,,,,,,,,,,,no,,,,,,,,,,,,,,,,,,,,-0.1762391|51.6134954
10678662625,My Caffe,,London,,,731,,N12 0BP,High Road,,,cafe,,,,,,,,,,,,,,,,,,,,,,,,,,,965386,,,,,,,,,,,,,,,,yes,,,,,,,,,,,,,,,,,,,,-0.1763049|51.6136493
10678662634,La Genoise,,London,,,714,,N12 9QD,High Road,,,cafe,,,,,,,,,,,,,,,,,,,,,,,,,,,756500,,,,wlan,no,,,,,,,,,,,no,,,,,,,,,,,yes,yes,customers,,,,,,,-0.175923|51.6138507
10732892185,Jane's Garden Café,,London,,Birchen Grove Garden Centre,,,NW9 8RY,Birchen Grove,,,cafe,,,,,,,,,,,,janeoharacarney@gmail.com,,,,,,,,,limited,yes,,,,,,,,,,,,,,,,,,,,Jane's Garden Café Ltd,,,,,,,,,,,,,,,,,,,,yes,-0.2564074|51.5721252
10774395798,Aroma Bean,,,,,,,,,,,cafe,,,,,,,,,,,,,,,,,,,,,,,,,,,,,,,,,,,,,,,,,,,,,,,,,,,,,,,,,,,,,,,-0.197897|51.651836
10805287419,,yes,,,,,,,,,,toilets,,,,,,,,,,,,,,,,,,,,,,,,,,yes,,,,,,,,yes,,,,,,,,,,,,,,,,,,,,,,,flush,,,,,,-0.1524635|51.6345855
10845000179,Perk,,,,,,,,,,,cafe,,,,,,,,,,,,,,,,,,,,,,,,,,,,,,,,,,,,,,,,,,,,,,,,,,,,,,,,,,,,,,,-0.208466|51.6559902
10921349427,Wild Bean Cafe,,,,,,,,,,,cafe,,,Wild Bean Cafe,,Q61804826,,,,,,,,,,,,,coffee_shop,,,,,,,,,,,,,,,,,,,,,,,,,,,,,,,,,,,,yes,,,,,,,,,-0.141633|51.6173413
10924062202,Bizim Charcoal,,London,GB,,185,,NW9 6LP,Edgware Road,,,cafe,,,,,,,,,,,,,,,,,,,,,,,,,,,533880,,,,,,,,,,,,,,,,,,,,,,,,,,,,,,,,,,,,-0.2513525|51.5870227
10924089794,Sababa,,Borehamwood,,,33-35,,WD6 1AE,Shenley Road,,,cafe,,,,,,,,,,,,,,,,,,,,,,,,,,,1064917,,,yes,,,,,,,,Bonjour,,,,,yes,,,,,,,,,,2024-03-16,,,,,,,,https://www.sababaa.uk/,,-0.2778775|51.6549206
10924089798,Balagan,,Borehamwood,,,47,,WD6 1AE,Shenley Road,,,cafe,,,,,,,,,,,,,,,,,,,,,,,,,,,1332017,,,,,,,,,,,,,,,,,,,,,,,,,,,,,,,,,,,,-0.2774997|51.6551148
10924095307,The Pink Cafe,,Borehamwood,,,59,,WD6 1AE,Shenley Road,,,cafe,,,,,,,,,,,,,,,,,,,,,,,,,,,1562572,,,yes,,,,,,,,,,,,,yes,,,,,,,,,,,,,,,,,,,,-0.2770859|51.6553394
10935101747,Soyo Edgware,,Edgware,,,307,,HA8 7AX,Hale Lane,,,cafe,,,,,,,,,,,,,,,,,,salad;breakfast,,yes,,,,,,,,,,,,,,,,,,,,,,,no,,,,+44 20 8958 8181,,,,,,,,,,,,,,https://soyo.co.uk/,,-0.2749431|51.6159103
10959269553,Vero Caffe,,,,,,,,,,,cafe,,,,,,,,,,,,,,,,,,,,,,,,,,,,,,,,,,,,,,,,,,,,,,,,,,,,,,,,,,,,,http://verocaffe.co.uk/,,-0.1910104|51.615019
10969539814,Bubble Umbrella,,London,,,4,,N12 0EL,Nether Street,,,cafe,,,,,,,,,,,,,,,,,,bubble_tea,,,,,,,,,1623936,,,,,,,,,,,,,,,,,,,,,,,,,,,,,,,,,,,,-0.1768012|51.613225
10982555758,Golden Bite,,London,,,308,,N12 0EY,Ballards Lane,,,cafe,,,,,,,,,,,,,,,,,,,,,,,,,,,1608981,,,,,,,,,,,,,,,,,,,,,,,,,,,,,,,,,,https://goldenbite.co.uk,,-0.1783606|51.611667
10982626824,Falafel Feast,,London,,,377,,N3 1DE,Regent's Park Road,,,cafe,,,,,,,,,,,,,,,,,,,,,,,,,,,989289,,,,,,,,,,,,,,,,,,,,,,,,,,,,,,,,,,https://www.falafelfeast.co.uk,,-0.1940462|51.6011889
10983693863,Tava,,London,,,362,,,Regent's Park Road,,,cafe,,,,,,,,,,,,,,,,,,,,,,,,,,,,,,,,,,,,,,,,,,,,,,,,,,,,,,,,,,,,,,,-0.1939116|51.6009626
10995814172,Foulis Cafe,,,,,,,,,,,cafe,,,,,,,,,,,,,,,,,,,,,,,,,,,,,,,,,,,,,,,,,,,,,,,,,,,,,,,,,,,,,,,-0.1428617|51.6197677
11040150806,Costa,,,,Broadwalk Shopping Centre,,,HA8 7BD,Station Road,,,cafe,,,Costa,,Q608845,,,,,,,,,,,,,coffee_shop,,,,,,,,,1617067,,,,,,0,,,,,,,,,,no,,,,,,,,,,,yes,,,,,,,,,-0.275385|51.6126689
11061651214,London Cafe,,London,,,362,,N12 0EE,Ballards Lane,,,cafe,,,,,,,,,,,,,,,,,,,,,,,,,,,1623919,,,,,,,,,,,,,,,,,,,,,,,,,,,,,,,,,,,,-0.1768548|51.6134923
11063461280,Nanou,,London,,,53,,N3 1XP,Ballards Lane,,,cafe,,,,,,,,,,,,,,,,,,,,,,,,,,,1575686,,,,,,,,,,,,,,,,yes,,,,,,,,,,,,,,,,,,,,-0.1911885|51.603312
11063461282,Tasties Cafe,,London,,,61,,N3 1XP,Ballards Lane,,,cafe,,,,,,,,,,,,,,,,,,,,,,,,,,,756571,,,,,,,,,,,,,,,,yes,,,,,,,,,,,yes,,,,,,,,,-0.1909676|51.6034604
11063748416,Milani Cafe,,London,,,72,,N3 2BU,Ballards Lane,,,cafe,,,,,,,,,,,,,,,,,,,,,,,,,,,1217484,,,,,,,,,,,,,,,,yes,,,,,,,,,,,,,,,,,,,,-0.1904852|51.6033884
11091647166,Starbucks,,,,,,,,,,,cafe,,,Starbucks,,Q37158,,,,,,,,,,,,,coffee_shop,,,,,,,,,,,,yes,,,,,,,Starbucks Coffee,,,,,,yes,,,,,,,,,,,yes,,,,,,,https://www.starbucks.com/store-locator/store/18821/london-gateway-welcome-break-m-1-motorway-junction-2-4-kent-eng-ct-18-8-xx-gb,,-0.2641871|51.6310243
11234683813,,,,,,,,,,,,,,,,,,,,,,,,,,,,,,,,,,,,,,,,,,,,,,,,,,,,,,,,,,,,,,,,,,,,,,,,,,,-0.1390349|51.5679632
11234683838,,,,,,,,,,,,,,,,,,,,,,,,,,,,,,,,,,,,,,,,,,,,,,,,,,,,,,,,,,,,,,,,,,,,,,,,,,,-0.1385592|51.5677651
11260948235,Hendon Kitchen,,,,,,,,,,,cafe,,,,,,,,,,,,,,,,,,,,,,,,,,,,,,,,,,,,,,,"Mo-Fr 10:00-17:00; Sa-Su,SH 11:00-16:00",,,,yes,,,,,,,,,,,,,,,,,,https://www.rafmuseum.org.uk/london/plan-your-day/restaurant/,,-0.2377288|51.5969307
11260948236,The Sunderland Café,,,,,,,,,,,cafe,,,,,,,,,,,,,,,,,,,,,,,,,,,,,,,,,,,,,,,"Sa-Su,PH 10:00-17:00",,,,no,,,,,,,,,,,,,,,,,,,,-0.2398545|51.5971764
11328061984,Liam's Coffee House,,,,,,,,,,,cafe,,,,,,,,,,,2023-11-05,,,,,,,coffee_shop,,,,,,,,,,,,,,,,,,,,,,,,,,,,,,,,,,,,,,,,,,,,,-0.2753501|51.6151606
11486615270,CaféGenic,,London,,,6,,NW4 3JS,Central Circus,,,cafe,,,,,,,,,,,,,,,,,,,,,,,,contact@cafegenic.co.uk,,,,,,,,,,,,,,,Mo-Fr 06:00-21:00; Sa 07:00-21:00; Su 07:00-20:00,,,,,,,,+44 20 8202 2260,,,,,,,,,,,,,,https://www.cafegenic.co.uk/,,-0.2276745|51.582874
11510909813,Fortune Café,,London,,,110,,NW6 1DH,Fortune Green Road,,,cafe,,,,,,,,,,,,,,,,,,,,,,,,,,,,,,,,,,,,,,,Mo-Fr 08:00-17:00,,,,yes,,,,+44 2038 748033,,,,,,,,,,,,,,https://fortunecafe.co.uk,,-0.1964839|51.5553479
11517497743,,,,,,,,,,,,,,,,,,,,,,,,,,,,,,,,,,,,,,,,,,,,,,,,,,,,,,,,,,,,,,,,,,,,,,,,,,,-0.2798274|51.5623163
11517497744,,,,,,,,,,,,,,,,,,,,,,,,,,,,,,,,,,,,,,,,,,,,,,,,,,,,,,,,,,,,,,,,,,,,,,,,,,,-0.2799256|51.5623152
11517497745,,,,,,,,,,,,,,,,,,,,,,,,,,,,,,,,,,,,,,,,,,,,,,,,,,,,,,,,,,,,,,,,,,,,,,,,,,,-0.2799175|51.5620184
11517497746,,,,,,,,,,,,,,,,,,,,,,,,,,,,,,,,,,,,,,,,,,,,,,,,,,,,,,,,,,,,,,,,,,,,,,,,,,,-0.2798193|51.5620194
11517497761,,,,,,,,,,,,,,,,,,,,,,,,,,,,,,,,,,,,,yes,,,,,,,,,,,,,,,,,,,,,,,,,,,,,,,,,,,,,,-0.2798237|51.5621881
11517569969,Out Of Office Coffee,,,,,,,,,,,cafe,,Wembley,,,,,,,,,,,,,,,,,,,,,,,,,,,,,wlan,,,,,,,,,,,,,,,,,,,,,,,,,,,,,,https://www.outofofficecoffee.co.uk/,,-0.2821058|51.5571155
11517569970,Out Of Office Coffee,,,,,,,,,,,cafe,,Canada Gardens,,,,,,,,,,,,,,,,,,,,,,,,,,,,,wlan,,,,,,,,,,,,,,,,,,,,,,,,,,,,,,https://www.outofofficecoffee.co.uk/,,-0.2764869|51.5583103
11619456314,Costa,,,,,,,,,,,cafe,,,Costa,,Q608845,,,,,,,,,,,,,coffee_shop,,,,,,,,,,,,,,,,,,,,,,,,,,,,,,,,,,,,yes,,,,,,,,,-0.2798181|51.653235
11637566251,Romeo & Juliet's,,,,,,,,,,,cafe,,,,,,,,,,,,,,,,,,,,,,,,,,,,,,,,,,,,,,,,,,,,,,,,,,,,,,,,,,,,,,,-0.1804714|51.5858156
11708152514,Cherry Blossom Cafe,,London,,,39,,N10 3JB,Muswell Hill Road,,,cafe,,,,,,,,,,,,,,cherryblossom_muswellhill_cafe,,,,,,,,,,,,,1662347,,,,,,,,,,,,,,,,,,,,,,,,,,,,,,,,,,,,-0.1472695|51.5857999
11739120762,Borehamwood Cafe,,Borehamwood,,,179,,WD6 1AW,Shenley Road,,,cafe,,,,,,,,,,,,,,,,,,,,,,,,,,,429511,,,yes,,,,,,,,,,,,,yes,,,,,,,,FHRS Open Data,,2024-03-15,,,,,,,,,,-0.2729563|51.6573526
11739120764,Ben & Ollie's,,Borehamwood,,,185,,WD6 1AW,Shenley Road,,,cafe,,,,,,,,,,,,,,,,,,,,,,,,,,,1003044,,,yes,,,,,,,,,,,,,yes,,,,,,,,FHRS Open Data,,2024-03-16,,,,,,,,,,-0.2727565|51.6574391
11739120977,Jenny's Cafe,,Borehamwood,,,126,,WD6 1EF,Shenley Road,,,cafe,,,,,,,,,,,,,,,,,,,,,,,,,,,429378,,,,,,,,,,,,,,,,,,,,,,,,FHRS Open Data,,2024-03-15,,,,,,,,,,-0.2731508|51.6568347
11739120985,Cacao Tree,,Borehamwood,,,157,,WD6 1AH,Shenley Road,,,cafe,,,,,,,,,,,,,,,,,,,,,,,,,,,1609512,,,,,,,,,,,,,,,,,,,,,,,,FHRS Open Data,,2024-03-15,,,,,,,,,,-0.273757|51.656999
11739574526,,,,,,,,,,,,,,,,,,,,,,,,,,,,,,,,,,,,,,,,,,,,,,,,,,,,,,,,,,,,,,,,,,,,,,,,,,,-0.1498792|51.5554942
11739574527,,,,,,,,,,,,,,,,,,,,,,,,,,,,,,,,,,,,,,,,,,,,,,,,,,,,,,,,,,,,,,,,,,,,,,,,,,,-0.1497942|51.5554803
11739574528,,,,,,,,,,,,,,,,,,,,,,,,,,,,,,,,,,,,,,,,,,,,,,,,,,,,,,,,,,,,,,,,,,,,,,,,,,,-0.1497913|51.5554763
11744997169,Shenley Sandwich Bar & Bakery,,Borehamwood,,,13,,WD6 1AD,Shenley Road,,,cafe,,,,,,,,,,,2024-04-05,,,,,,,,,,,,,,,,434658,Check on ground,,,,,,,,,,,,,,,,,,,,bakery,,,FHRS Open Data,,,,,,,,,,,,-0.2788116|51.6544514
11793871990,Crepeaffaire,,,,,,,,,,,cafe,,,,,,,,,,,,,,,,,,,,,,,,,,,,,,yes,,,,,,,,,,,,,no,,,,,,,,,,,,,,,,,,,,-0.268727|51.6560746
11793883575,Costa,,,,,,,,,,,cafe,,,Costa,,Q608845,,,,,,,,,,,,,coffee_shop,,,,,,,,,,,,,,,,,,,,,,,,,,,,,,,,,,,,yes,,,,,,,,,-0.2685296|51.6558372
11845434603,,,,,,,,,,,,,,,,,,,,,,,,,,,,,,,,,,,,,,,,,,,,,,,,,,,,,,,,,,,,,,,,,,,,,,,,,,,-0.2799213|51.5621876
